pSP_CUSIP,pSP_EXCHANGE,pSP_TICKER,pSP_DATE,pSP_VOLUME,pSP_OPEN,pSP_HIGH,pSP_LOW,pSP_CLOSE
013817101,"N     ","AA    ",1996-01-02,2808000,13.125,13.6875,13.0625,13.5938
013817101,"N     ","AA    ",1996-01-03,5008800,13.5312,13.8438,13.5,13.8125
013817101,"N     ","AA    ",1996-01-04,4276000,13.7188,13.9375,13.5938,13.9375
013817101,"N     ","AA    ",1996-01-05,2618400,13.875,14.125,13.8125,13.8438
013817101,"N     ","AA    ",1996-01-08,3471200,13.7812,13.875,12.8125,13.0938
013817101,"N     ","AA    ",1996-01-09,6992000,12.9375,13,12.75,12.8438
013817101,"N     ","AA    ",1996-01-10,8508400,12.75,12.8125,12.5312,12.625
013817101,"N     ","AA    ",1996-01-11,5344400,12.6562,12.8125,12.4688,12.8125
013817101,"N     ","AA    ",1996-01-12,3006000,12.75,12.8438,12.5312,12.75
013817101,"N     ","AA    ",1996-01-15,2759200,12.625,12.7188,12.5,12.625
013817101,"N     ","AA    ",1996-01-16,5971600,12.7188,12.7188,12.2812,12.5938
013817101,"N     ","AA    ",1996-01-17,2426400,12.5938,12.75,12.5312,12.625
013817101,"N     ","AA    ",1996-01-18,2695200,12.75,13.0625,12.7188,12.8438
013817101,"N     ","AA    ",1996-01-19,4203200,12.75,13.25,12.7188,13.125
013817101,"N     ","AA    ",1996-01-22,3659200,12.9375,13.1562,12.9062,13.0625
013817101,"N     ","AA    ",1996-01-23,3626000,13.25,13.375,13.0312,13.375
013817101,"N     ","AA    ",1996-01-24,3184800,13.4062,13.5312,13.2812,13.3125
013817101,"N     ","AA    ",1996-01-25,2098800,13.3125,13.375,13.1875,13.1875
013817101,"N     ","AA    ",1996-01-26,2595600,13.1875,13.2188,13.0625,13.2188
013817101,"N     ","AA    ",1996-01-29,2409600,13.3125,13.5,13.1875,13.5
013817101,"N     ","AA    ",1996-01-30,4987600,13.4688,14.0938,13.4688,14.0625
013817101,"N     ","AA    ",1996-01-31,5415200,14.0625,14.125,13.7188,13.875
013817101,"N     ","AA    ",1996-02-01,5048000,13.8438,13.9062,13.625,13.7188
013817101,"N     ","AA    ",1996-02-02,2893200,13.8125,14.1875,13.75,14
013817101,"N     ","AA    ",1996-02-05,3248400,14,14,13.7812,13.8438
013817101,"N     ","AA    ",1996-02-06,2715600,13.7812,14,13.6562,13.9375
013817101,"N     ","AA    ",1996-02-07,3389200,14,14.2188,14,14.1875
013817101,"N     ","AA    ",1996-02-08,3376800,14.1875,14.25,13.9688,14.25
013817101,"N     ","AA    ",1996-02-09,3578400,14.2188,14.3125,13.8125,14.0938
013817101,"N     ","AA    ",1996-02-12,2722800,14.1562,14.4062,14.1562,14.375
013817101,"N     ","AA    ",1996-02-13,4874400,14.2812,14.4062,13.9375,14.1875
013817101,"N     ","AA    ",1996-02-14,2409200,14.125,14.25,14,14.125
013817101,"N     ","AA    ",1996-02-15,1563200,14.1562,14.1875,13.9375,13.9688
013817101,"N     ","AA    ",1996-02-16,2246800,13.9375,13.9688,13.7812,13.9375
013817101,"N     ","AA    ",1996-02-20,2305200,13.7812,13.9062,13.5625,13.5625
013817101,"N     ","AA    ",1996-02-21,3285600,13.625,13.7812,13.4375,13.6562
013817101,"N     ","AA    ",1996-02-22,3996400,13.6875,14.0938,13.6875,14.0625
013817101,"N     ","AA    ",1996-02-23,5383600,14.5,14.5625,14.2812,14.5
013817101,"N     ","AA    ",1996-02-26,5413200,14.375,14.375,13.9375,13.9688
013817101,"N     ","AA    ",1996-02-27,3044000,14,14.0312,13.7188,13.75
013817101,"N     ","AA    ",1996-02-28,2185600,13.875,13.9375,13.6562,13.6562
013817101,"N     ","AA    ",1996-02-29,4480400,13.7188,14.25,13.7188,14.2188
013817101,"N     ","AA    ",1996-03-01,3195600,14.25,14.3125,14,14.3125
013817101,"N     ","AA    ",1996-03-04,3499200,14.2812,14.5938,14.1562,14.5312
013817101,"N     ","AA    ",1996-03-05,2297600,14.4688,14.5938,14.4375,14.5
013817101,"N     ","AA    ",1996-03-06,3308800,14.5,14.625,14.4062,14.5938
013817101,"N     ","AA    ",1996-03-07,4136400,14.5625,14.9062,14.5312,14.6875
013817101,"N     ","AA    ",1996-03-08,6394400,14.4375,15.0312,14.375,14.5312
013817101,"N     ","AA    ",1996-03-11,8071200,14.625,15.4375,14.5312,15.375
013817101,"N     ","AA    ",1996-03-12,8405600,15.25,15.4688,15,15.3438
013817101,"N     ","AA    ",1996-03-13,5761600,15.375,15.4688,15.2188,15.4062
013817101,"N     ","AA    ",1996-03-14,5457200,15.4062,15.4688,15.3438,15.375
013817101,"N     ","AA    ",1996-03-15,4988400,15.375,15.4062,15.25,15.25
013817101,"N     ","AA    ",1996-03-18,7097600,15.25,15.9062,15.25,15.9062
013817101,"N     ","AA    ",1996-03-19,6794800,15.8438,15.9375,15.75,15.8438
013817101,"N     ","AA    ",1996-03-20,4957600,15.8125,15.8438,15.3438,15.4688
013817101,"N     ","AA    ",1996-03-21,3626400,15.6562,15.75,15.5625,15.6875
013817101,"N     ","AA    ",1996-03-22,4238800,15.6875,15.75,15.25,15.5938
013817101,"N     ","AA    ",1996-03-25,3093200,15.8125,15.875,15.5938,15.6875
013817101,"N     ","AA    ",1996-03-26,3247600,15.6562,15.875,15.5938,15.875
013817101,"N     ","AA    ",1996-03-27,3549600,15.75,15.8125,15.625,15.7188
013817101,"N     ","AA    ",1996-03-28,4100000,15.5625,16.0938,15.5625,16.0938
013817101,"N     ","AA    ",1996-03-29,3149600,16.0938,16.0938,15.6562,15.6562
013817101,"N     ","AA    ",1996-04-01,3865600,15.3125,15.4688,15.0938,15.4062
013817101,"N     ","AA    ",1996-04-02,3449200,15.4062,15.4688,15.25,15.375
013817101,"N     ","AA    ",1996-04-03,5277600,15.2812,15.2812,15,15.0938
013817101,"N     ","AA    ",1996-04-04,4011200,15.2188,15.7812,15.0312,15.5
013817101,"N     ","AA    ",1996-04-08,4256000,15.5,15.9375,15.375,15.8125
013817101,"N     ","AA    ",1996-04-09,5226400,16,16.1562,15.9062,16.0938
013817101,"N     ","AA    ",1996-04-10,6778000,16.0312,16.4375,15.9688,16.3438
013817101,"N     ","AA    ",1996-04-11,9676800,16.3438,16.375,16,16.25
013817101,"N     ","AA    ",1996-04-12,2970400,16.1875,16.3125,16,16.3125
013817101,"N     ","AA    ",1996-04-15,2998800,16.0938,16.25,16,16.25
013817101,"N     ","AA    ",1996-04-16,4084000,16.125,16.3125,16.0625,16.1562
013817101,"N     ","AA    ",1996-04-17,3828400,16.125,16.1562,15.9062,16.0312
013817101,"N     ","AA    ",1996-04-18,1682800,16,16.125,15.9688,16.125
013817101,"N     ","AA    ",1996-04-19,3203200,16.0625,16.0938,15.875,15.875
013817101,"N     ","AA    ",1996-04-22,2658000,15.9062,15.9375,15.7812,15.7812
013817101,"N     ","AA    ",1996-04-23,1966400,15.8125,15.8438,15.7188,15.75
013817101,"N     ","AA    ",1996-04-24,2288400,15.6875,15.7188,15.5625,15.625
013817101,"N     ","AA    ",1996-04-25,3274800,15.4688,15.7188,15.4375,15.5625
013817101,"N     ","AA    ",1996-04-26,3383600,15.625,15.7812,15.625,15.6562
013817101,"N     ","AA    ",1996-04-29,1495200,15.7188,15.8438,15.7188,15.7812
013817101,"N     ","AA    ",1996-04-30,2492400,15.7812,15.7812,15.5625,15.5938
013817101,"N     ","AA    ",1996-05-01,3589200,15.5,15.6875,15.375,15.5
013817101,"N     ","AA    ",1996-05-02,8020800,15.5,15.6875,15.25,15.375
013817101,"N     ","AA    ",1996-05-03,4307600,15.375,15.75,15.375,15.6875
013817101,"N     ","AA    ",1996-05-06,7595200,15.8438,16.5625,15.7812,16.5
013817101,"N     ","AA    ",1996-05-07,5830800,16.4375,16.5312,16.2188,16.25
013817101,"N     ","AA    ",1996-05-08,6050400,16.1562,16.3438,16,16.25
013817101,"N     ","AA    ",1996-05-09,2431600,16.25,16.3125,16.0312,16.1562
013817101,"N     ","AA    ",1996-05-10,5300000,16.375,16.5625,16.375,16.4688
013817101,"N     ","AA    ",1996-05-13,4325600,16.3125,16.5625,16.3125,16.5625
013817101,"N     ","AA    ",1996-05-14,2872400,16.5,16.5312,16.4062,16.4375
013817101,"N     ","AA    ",1996-05-15,3062400,16.4062,16.5625,16.4062,16.4688
013817101,"N     ","AA    ",1996-05-16,1532000,16.4062,16.5,16.3438,16.375
013817101,"N     ","AA    ",1996-05-17,3397600,16.3438,16.4062,16.2812,16.2812
013817101,"N     ","AA    ",1996-05-20,10312400,16.0625,16.0625,15.6562,15.8125
013817101,"N     ","AA    ",1996-05-21,3930000,15.75,16.125,15.75,15.9062
013817101,"N     ","AA    ",1996-05-22,3380800,15.9375,15.9375,15.7188,15.7188
013817101,"N     ","AA    ",1996-05-23,2365200,15.7188,15.75,15.625,15.625
013817101,"N     ","AA    ",1996-05-24,2561200,15.8125,15.8125,15.5938,15.6875
013817101,"N     ","AA    ",1996-05-28,3463200,15.75,15.8125,15.375,15.375
013817101,"N     ","AA    ",1996-05-29,3022000,15.4375,15.5938,15.375,15.4688
013817101,"N     ","AA    ",1996-05-30,2106400,15.4688,15.7188,15.4062,15.6562
013817101,"N     ","AA    ",1996-05-31,2761200,15.6875,15.75,15.375,15.4062
013817101,"N     ","AA    ",1996-06-03,2977200,15.5,15.5938,15.4375,15.4375
013817101,"N     ","AA    ",1996-06-04,2056800,15.5625,15.625,15.2812,15.2812
013817101,"N     ","AA    ",1996-06-05,3754400,15.3125,15.3125,14.9062,14.9062
013817101,"N     ","AA    ",1996-06-06,10261600,14.9062,14.9375,14.25,14.4688
013817101,"N     ","AA    ",1996-06-07,6406800,14.4688,15.0312,14.4688,14.9062
013817101,"N     ","AA    ",1996-06-10,3950800,14.9375,15.0625,14.8125,14.9062
013817101,"N     ","AA    ",1996-06-11,4443200,14.9062,15.0938,14.9062,14.9688
013817101,"N     ","AA    ",1996-06-12,3244400,15,15.0625,14.8438,14.9062
013817101,"N     ","AA    ",1996-06-13,3240800,14.8438,14.9062,14.7188,14.8438
013817101,"N     ","AA    ",1996-06-14,2946800,14.8438,14.8438,14.6562,14.6562
013817101,"N     ","AA    ",1996-06-17,2965600,14.7188,14.8125,14.6562,14.6875
013817101,"N     ","AA    ",1996-06-18,3758000,14.7188,15,14.6875,14.9062
013817101,"N     ","AA    ",1996-06-19,2458800,14.8438,15.0312,14.8438,14.8438
013817101,"N     ","AA    ",1996-06-20,5305600,14.9375,14.9375,14.6875,14.75
013817101,"N     ","AA    ",1996-06-21,3466000,14.8125,14.9062,14.7812,14.7812
013817101,"N     ","AA    ",1996-06-24,5490000,14.8438,14.8438,14.4688,14.5312
013817101,"N     ","AA    ",1996-06-25,7684800,14.5938,14.6562,14.375,14.375
013817101,"N     ","AA    ",1996-06-26,1924000,14.4688,14.4688,14.4062,14.4375
013817101,"N     ","AA    ",1996-06-27,2781600,14.5,14.5312,14.4062,14.4375
013817101,"N     ","AA    ",1996-06-28,2111200,14.4375,14.5625,14.3438,14.3438
013817101,"N     ","AA    ",1996-07-01,2185600,14.3438,14.5625,14.3438,14.5
013817101,"N     ","AA    ",1996-07-02,2960000,14.5625,14.75,14.4375,14.4375
013817101,"N     ","AA    ",1996-07-03,2490800,14.4688,14.5,14.2188,14.2188
013817101,"N     ","AA    ",1996-07-05,2630000,14.2188,14.2812,13.9375,14
013817101,"N     ","AA    ",1996-07-08,3082800,14,14.1875,13.9688,14
013817101,"N     ","AA    ",1996-07-09,4114000,14.125,14.4375,14.0938,14.1875
013817101,"N     ","AA    ",1996-07-10,5184000,14.25,14.5312,14.1562,14.5312
013817101,"N     ","AA    ",1996-07-11,5544000,14.5625,14.5938,14.1562,14.1875
013817101,"N     ","AA    ",1996-07-12,3110800,14.3438,14.5312,14.25,14.4062
013817101,"N     ","AA    ",1996-07-15,4347200,14.4688,14.5312,13.875,13.9375
013817101,"N     ","AA    ",1996-07-16,5747200,14.1875,14.1875,13.7812,13.875
013817101,"N     ","AA    ",1996-07-17,2397600,14,14.25,13.9688,14.0625
013817101,"N     ","AA    ",1996-07-18,1894000,14.3125,14.3125,14.0938,14.125
013817101,"N     ","AA    ",1996-07-19,2310000,14.0312,14.0938,13.9375,14.0938
013817101,"N     ","AA    ",1996-07-22,1239200,14.125,14.125,13.9688,13.9688
013817101,"N     ","AA    ",1996-07-23,1763600,14.0312,14.125,13.9062,13.9375
013817101,"N     ","AA    ",1996-07-24,1969600,13.875,14.25,13.875,14
013817101,"N     ","AA    ",1996-07-25,2160800,14.1875,14.3125,13.9688,14.125
013817101,"N     ","AA    ",1996-07-26,2552800,14.1562,14.3125,14.0625,14.3125
013817101,"N     ","AA    ",1996-07-29,3019200,14.4688,14.5312,14.375,14.4375
013817101,"N     ","AA    ",1996-07-30,2260800,14.5,14.5312,14.2188,14.5
013817101,"N     ","AA    ",1996-07-31,1444400,14.375,14.5312,14.3438,14.5
013817101,"N     ","AA    ",1996-08-01,3262400,14.5,14.9375,14.5,14.9375
013817101,"N     ","AA    ",1996-08-02,3225600,15,15.1875,14.75,15.1875
013817101,"N     ","AA    ",1996-08-05,2843600,15.0312,15.3125,15,15.1562
013817101,"N     ","AA    ",1996-08-06,1957600,15.0625,15.2188,15.0312,15.2188
013817101,"N     ","AA    ",1996-08-07,2153200,15.25,15.2812,14.9062,15.125
013817101,"N     ","AA    ",1996-08-08,815600,15.125,15.1562,15,15.125
013817101,"N     ","AA    ",1996-08-09,1176800,15.125,15.3125,15.125,15.1875
013817101,"N     ","AA    ",1996-08-12,2091600,15.1562,15.1875,15,15.125
013817101,"N     ","AA    ",1996-08-13,1940400,15.125,15.2188,15.0312,15.0938
013817101,"N     ","AA    ",1996-08-14,1770800,15.25,15.4688,15.1562,15.4375
013817101,"N     ","AA    ",1996-08-15,1912000,15.4375,15.4375,15.2188,15.25
013817101,"N     ","AA    ",1996-08-16,925600,15.375,15.4375,15.3125,15.4062
013817101,"N     ","AA    ",1996-08-19,800000,15.4375,15.5312,15.4062,15.4375
013817101,"N     ","AA    ",1996-08-20,3200000,15.5,15.8438,15.5,15.7812
013817101,"N     ","AA    ",1996-08-21,3512800,15.7812,16.0312,15.7812,16.0312
013817101,"N     ","AA    ",1996-08-22,3062800,15.9688,15.9688,15.5938,15.7812
013817101,"N     ","AA    ",1996-08-23,2136400,15.9062,15.9688,15.7812,15.9375
013817101,"N     ","AA    ",1996-08-26,2340800,15.9062,15.9062,15.6562,15.7188
013817101,"N     ","AA    ",1996-08-27,1341200,15.8125,15.8125,15.6562,15.7188
013817101,"N     ","AA    ",1996-08-28,3490800,15.6875,15.8438,15.6875,15.8438
013817101,"N     ","AA    ",1996-08-29,2132400,15.875,15.9375,15.5625,15.5625
013817101,"N     ","AA    ",1996-08-30,1836000,15.6875,15.6875,15.5,15.5312
013817101,"N     ","AA    ",1996-09-03,1679200,15.4375,15.7188,15.3438,15.7188
013817101,"N     ","AA    ",1996-09-04,1310800,15.7188,15.9062,15.5938,15.875
013817101,"N     ","AA    ",1996-09-05,1496000,15.8125,15.875,15.7188,15.75
013817101,"N     ","AA    ",1996-09-06,2414000,15.6875,15.6875,15.4688,15.5312
013817101,"N     ","AA    ",1996-09-09,979200,15.5625,15.7188,15.5312,15.6562
013817101,"N     ","AA    ",1996-09-10,3229600,15.7188,15.7188,15.1875,15.4688
013817101,"N     ","AA    ",1996-09-11,1184800,15.4688,15.4688,15.3125,15.3125
013817101,"N     ","AA    ",1996-09-12,1749600,15.3125,15.4688,15.25,15.4688
013817101,"N     ","AA    ",1996-09-13,1605200,15.6562,15.6562,15.5,15.5
013817101,"N     ","AA    ",1996-09-16,1320800,15.625,16.0156,15.5625,15.875
013817101,"N     ","AA    ",1996-09-17,1893600,15.9062,15.9062,15.75,15.7812
013817101,"N     ","AA    ",1996-09-18,1060800,15.7812,15.8125,15.6875,15.6875
013817101,"N     ","AA    ",1996-09-19,1585600,15.6875,15.6875,15.3438,15.375
013817101,"N     ","AA    ",1996-09-20,4104800,15.375,15.375,15.0625,15.125
013817101,"N     ","AA    ",1996-09-23,3703200,15,15,14.5938,14.6875
013817101,"N     ","AA    ",1996-09-24,4163200,14.6875,14.9688,14.625,14.625
013817101,"N     ","AA    ",1996-09-25,4146800,14.6562,14.8438,14.6562,14.8125
013817101,"N     ","AA    ",1996-09-26,1980400,14.8125,14.9062,14.75,14.75
013817101,"N     ","AA    ",1996-09-27,2067200,14.8125,14.8125,14.5625,14.7188
013817101,"N     ","AA    ",1996-09-30,1951600,14.7812,14.8438,14.7188,14.75
013817101,"N     ","AA    ",1996-10-01,2791200,14.8438,15.0625,14.7812,15.0312
013817101,"N     ","AA    ",1996-10-02,2579600,15.1562,15.2812,15.0938,15.1875
013817101,"N     ","AA    ",1996-10-03,2423200,15.1875,15.2188,15,15.0938
013817101,"N     ","AA    ",1996-10-04,9142400,15.0938,15.0938,14.2812,15
013817101,"N     ","AA    ",1996-10-07,5020000,14.75,14.75,14.5,14.5938
013817101,"N     ","AA    ",1996-10-08,4619600,14.5938,14.75,14.0312,14.0938
013817101,"N     ","AA    ",1996-10-09,4721200,14.1562,14.25,13.9375,13.9688
013817101,"N     ","AA    ",1996-10-10,4897200,14,14.5312,14,14.5312
013817101,"N     ","AA    ",1996-10-11,3696800,14.5312,14.625,14.4688,14.5938
013817101,"N     ","AA    ",1996-10-14,1604000,14.5938,14.625,14.5,14.5938
013817101,"N     ","AA    ",1996-10-15,4202000,14.5625,14.7812,14.5,14.7188
013817101,"N     ","AA    ",1996-10-16,2154400,14.7812,14.7812,14.5625,14.6875
013817101,"N     ","AA    ",1996-10-17,2987600,14.9688,14.9688,14.6875,14.9688
013817101,"N     ","AA    ",1996-10-18,1984000,14.9688,15,14.8125,14.9062
013817101,"N     ","AA    ",1996-10-21,1670400,14.9375,15,14.75,14.875
013817101,"N     ","AA    ",1996-10-22,1104400,14.8125,14.8438,14.5,14.625
013817101,"N     ","AA    ",1996-10-23,2048400,14.5625,14.5938,14.3438,14.5
013817101,"N     ","AA    ",1996-10-24,4196000,14.7188,15.0938,14.6875,14.9688
013817101,"N     ","AA    ",1996-10-25,1968400,14.9688,14.9688,14.8438,14.9375
013817101,"N     ","AA    ",1996-10-28,1530800,14.9688,15,14.6875,14.875
013817101,"N     ","AA    ",1996-10-29,2314800,14.875,15.1562,14.8438,15.0938
013817101,"N     ","AA    ",1996-10-30,1238800,15.0312,15.0312,14.6875,14.8125
013817101,"N     ","AA    ",1996-10-31,2099200,14.7812,14.8125,14.4375,14.6562
013817101,"N     ","AA    ",1996-11-01,2060400,14.6875,14.9375,14.6562,14.8438
013817101,"N     ","AA    ",1996-11-04,1695600,14.8438,14.9062,14.75,14.75
013817101,"N     ","AA    ",1996-11-05,2251200,14.75,15.0625,14.75,14.9688
013817101,"N     ","AA    ",1996-11-06,3425600,14.9375,15,14.875,14.9688
013817101,"N     ","AA    ",1996-11-07,3497200,14.9062,15,14.875,14.9688
013817101,"N     ","AA    ",1996-11-08,3889600,14.9375,15.0938,14.9375,15
013817101,"N     ","AA    ",1996-11-11,2355600,15.0312,15.0625,14.9062,14.9375
013817101,"N     ","AA    ",1996-11-12,5223600,14.875,15.3438,14.8125,15.3125
013817101,"N     ","AA    ",1996-11-13,5147600,15.3438,15.4688,15.125,15.25
013817101,"N     ","AA    ",1996-11-14,4267200,15.2812,15.4062,15.1875,15.4062
013817101,"N     ","AA    ",1996-11-15,2014000,15.4375,15.4688,15.3125,15.375
013817101,"N     ","AA    ",1996-11-18,3170000,15.4375,15.5938,15.3438,15.5
013817101,"N     ","AA    ",1996-11-19,1946800,15.5625,15.5938,15.375,15.4375
013817101,"N     ","AA    ",1996-11-20,3825600,15.625,15.9375,15.5625,15.875
013817101,"N     ","AA    ",1996-11-21,5025600,15.8125,15.8438,15.5,15.5938
013817101,"N     ","AA    ",1996-11-22,3071200,15.6562,15.6562,15.5,15.5938
013817101,"N     ","AA    ",1996-11-25,2023600,15.6562,15.8125,15.5312,15.8125
013817101,"N     ","AA    ",1996-11-26,2615600,15.8438,15.9688,15.625,15.8438
013817101,"N     ","AA    ",1996-11-27,2450000,15.7812,15.875,15.6875,15.8438
013817101,"N     ","AA    ",1996-11-29,1862400,15.8438,15.9688,15.8438,15.9062
013817101,"N     ","AA    ",1996-12-02,3186000,15.875,15.9375,15.6875,15.9375
013817101,"N     ","AA    ",1996-12-03,3038400,15.875,15.9688,15.7812,15.7812
013817101,"N     ","AA    ",1996-12-04,1750800,15.7188,15.75,15.5938,15.625
013817101,"N     ","AA    ",1996-12-05,2507200,15.6562,16.1562,15.6562,16.0938
013817101,"N     ","AA    ",1996-12-06,3286400,15.75,15.8125,15.6875,15.7188
013817101,"N     ","AA    ",1996-12-09,2141200,15.75,15.8125,15.6562,15.7812
013817101,"N     ","AA    ",1996-12-10,3624000,15.7812,16.1875,15.7812,16.125
013817101,"N     ","AA    ",1996-12-11,3856800,16,16,15.8125,15.9062
013817101,"N     ","AA    ",1996-12-12,3158800,15.875,16.0625,15.875,15.9688
013817101,"N     ","AA    ",1996-12-13,1838800,15.9062,15.9062,15.7188,15.75
013817101,"N     ","AA    ",1996-12-16,2542000,15.5938,15.7188,15.5,15.5312
013817101,"N     ","AA    ",1996-12-17,2119600,15.4062,15.5625,15.3438,15.3438
013817101,"N     ","AA    ",1996-12-18,3103200,15.1875,15.375,15.0625,15.2188
013817101,"N     ","AA    ",1996-12-19,2909600,15.25,15.75,15.25,15.7188
013817101,"N     ","AA    ",1996-12-20,2791200,15.9688,15.9688,15.75,15.8438
013817101,"N     ","AA    ",1996-12-23,1062400,15.8125,15.8438,15.4062,15.4688
013817101,"N     ","AA    ",1996-12-24,426400,15.5,15.5625,15.4062,15.4688
013817101,"N     ","AA    ",1996-12-26,1195600,15.5,15.625,15.4688,15.5625
013817101,"N     ","AA    ",1996-12-27,689200,15.625,15.6875,15.5,15.5625
013817101,"N     ","AA    ",1996-12-30,1973600,15.5625,15.9375,15.5625,15.8125
013817101,"N     ","AA    ",1996-12-31,2465200,15.8125,15.9375,15.6875,15.9375
013817101,"N     ","AA    ",1997-01-02,3691600,16.125,16.375,16.0625,16.2812
013817101,"N     ","AA    ",1997-01-03,6053200,16.4688,17.0312,16.3438,17
013817101,"N     ","AA    ",1997-01-06,9551600,17.0312,17.375,16.9375,16.9688
013817101,"N     ","AA    ",1997-01-07,4157200,16.9062,16.9062,16.625,16.875
013817101,"N     ","AA    ",1997-01-08,5430400,16.875,16.9688,16.6562,16.8438
013817101,"N     ","AA    ",1997-01-09,5675600,16.7812,17.5625,16.7812,17.4062
013817101,"N     ","AA    ",1997-01-10,7697600,17.2188,17.9375,17.2188,17.8125
013817101,"N     ","AA    ",1997-01-13,4355200,17.75,17.75,17.625,17.6875
013817101,"N     ","AA    ",1997-01-14,4078000,17.6875,17.875,17.6562,17.7812
013817101,"N     ","AA    ",1997-01-15,3579200,17.5938,17.9688,17.5938,17.75
013817101,"N     ","AA    ",1997-01-16,3214400,17.8125,18,17.7812,17.9062
013817101,"N     ","AA    ",1997-01-17,5180000,17.875,18.2812,17.875,18.25
013817101,"N     ","AA    ",1997-01-20,2442800,18.1875,18.1875,17.875,18.125
013817101,"N     ","AA    ",1997-01-21,3753600,17.9062,18.0625,17.5312,17.6562
013817101,"N     ","AA    ",1997-01-22,3100800,17.75,17.75,17.125,17.2812
013817101,"N     ","AA    ",1997-01-23,2908800,17.25,17.4688,16.75,16.8125
013817101,"N     ","AA    ",1997-01-24,4206000,16.875,17.25,16.8125,16.9375
013817101,"N     ","AA    ",1997-01-27,3464800,17.0938,17.0938,16.625,16.6562
013817101,"N     ","AA    ",1997-01-28,3682000,17.125,17.3438,16.9688,17
013817101,"N     ","AA    ",1997-01-29,1532400,16.9375,17.1875,16.9375,17.125
013817101,"N     ","AA    ",1997-01-30,2043200,17.125,17.375,17.0625,17.3125
013817101,"N     ","AA    ",1997-01-31,2008000,17.4062,17.5625,17.1875,17.25
013817101,"N     ","AA    ",1997-02-03,2281200,17.25,17.375,17.125,17.2188
013817101,"N     ","AA    ",1997-02-04,1457200,17.125,17.1875,17,17.0625
013817101,"N     ","AA    ",1997-02-05,1649200,17.0625,17.1562,16.7812,16.8125
013817101,"N     ","AA    ",1997-02-06,2600400,16.75,16.8125,16.5,16.6875
013817101,"N     ","AA    ",1997-02-07,3564000,17.3125,17.3125,16.6875,16.9062
013817101,"N     ","AA    ",1997-02-10,1838000,16.875,17,16.6562,16.6562
013817101,"N     ","AA    ",1997-02-11,2287200,16.7188,16.875,16.5938,16.6875
013817101,"N     ","AA    ",1997-02-12,5768800,16.6875,16.875,16.5938,16.75
013817101,"N     ","AA    ",1997-02-13,2581200,16.8125,17,16.6875,16.9062
013817101,"N     ","AA    ",1997-02-14,2488400,17,17.4688,16.9688,17.3125
013817101,"N     ","AA    ",1997-02-18,1839200,17.4688,17.5938,17.375,17.5625
013817101,"N     ","AA    ",1997-02-19,3757600,17.4375,17.9062,17.4375,17.7812
013817101,"N     ","AA    ",1997-02-20,2784400,17.75,17.9688,17.6562,17.7188
013817101,"N     ","AA    ",1997-02-21,3216400,17.75,17.9375,17.6875,17.7812
013817101,"N     ","AA    ",1997-02-24,2261600,17.6562,17.875,17.5938,17.75
013817101,"N     ","AA    ",1997-02-25,1562800,17.7812,17.7812,17.375,17.5
013817101,"N     ","AA    ",1997-02-26,4606000,17.4688,17.5938,17.0625,17.125
013817101,"N     ","AA    ",1997-02-27,1944800,17.1562,17.75,17.1562,17.75
013817101,"N     ","AA    ",1997-02-28,2732800,17.75,17.9688,17.75,17.8125
013817101,"N     ","AA    ",1997-03-03,3247600,17.6562,18.0625,17.5938,18.0625
013817101,"N     ","AA    ",1997-03-04,2570400,18.125,18.25,18.0625,18.0938
013817101,"N     ","AA    ",1997-03-05,2766800,17.9062,17.9375,17.625,17.9375
013817101,"N     ","AA    ",1997-03-06,2262400,17.875,17.9375,17.8125,17.9375
013817101,"N     ","AA    ",1997-03-07,2213200,17.9688,18.1562,17.9375,18.0938
013817101,"N     ","AA    ",1997-03-10,2961600,18.0938,18.7188,18.0625,18.7188
013817101,"N     ","AA    ",1997-03-11,5530000,18.875,19,18.5625,19
013817101,"N     ","AA    ",1997-03-12,3252000,18.875,19.0625,18.6562,18.7812
013817101,"N     ","AA    ",1997-03-13,2019600,18.7188,18.7188,18.3125,18.375
013817101,"N     ","AA    ",1997-03-14,1931200,18.4375,18.8125,18.4062,18.6562
013817101,"N     ","AA    ",1997-03-17,2264400,18.5625,18.9375,18.3438,18.8125
013817101,"N     ","AA    ",1997-03-18,2450400,18.7812,18.7812,18.4062,18.4688
013817101,"N     ","AA    ",1997-03-19,1806000,18.3438,18.4688,18.2188,18.4688
013817101,"N     ","AA    ",1997-03-20,1465200,18.4375,18.4688,18.1875,18.2812
013817101,"N     ","AA    ",1997-03-21,2643200,18.3125,18.3438,18.0312,18.0312
013817101,"N     ","AA    ",1997-03-24,3596000,17.9688,18.0938,17.8125,18
013817101,"N     ","AA    ",1997-03-25,2570800,18.0938,18.0938,17.4688,17.5
013817101,"N     ","AA    ",1997-03-26,2875600,17.5,17.6875,17.4688,17.5938
013817101,"N     ","AA    ",1997-03-27,4027200,17.625,17.7812,17,17.1562
013817101,"N     ","AA    ",1997-03-31,4549200,17.25,17.3125,16.9688,17
013817101,"N     ","AA    ",1997-04-01,4207200,17.0625,17.4688,17.0312,17.25
013817101,"N     ","AA    ",1997-04-02,2164400,17.1562,17.25,17.0312,17.0312
013817101,"N     ","AA    ",1997-04-03,2869600,16.9688,17.1562,16.75,16.875
013817101,"N     ","AA    ",1997-04-04,3992400,16.75,17.0938,16.75,16.9062
013817101,"N     ","AA    ",1997-04-07,3087600,17,17.0625,16.6875,16.6875
013817101,"N     ","AA    ",1997-04-08,2640000,16.7188,16.7188,16.5312,16.625
013817101,"N     ","AA    ",1997-04-09,4686000,16.75,16.7812,16.5312,16.6875
013817101,"N     ","AA    ",1997-04-10,6288800,16.7188,16.9688,16.5938,16.6875
013817101,"N     ","AA    ",1997-04-11,3103600,16.5312,16.625,16.4375,16.4688
013817101,"N     ","AA    ",1997-04-14,3242000,16.5,16.5,16.3125,16.4375
013817101,"N     ","AA    ",1997-04-15,4028800,16.4375,16.8125,16.4062,16.6875
013817101,"N     ","AA    ",1997-04-16,4106000,16.6875,17.25,16.625,17.1562
013817101,"N     ","AA    ",1997-04-17,3114800,17.125,17.2188,16.875,17.0625
013817101,"N     ","AA    ",1997-04-18,1774800,17.0312,17.1562,16.9688,17.0938
013817101,"N     ","AA    ",1997-04-21,1699200,17.1562,17.1562,16.6875,16.8438
013817101,"N     ","AA    ",1997-04-22,2741200,16.8438,17.375,16.7812,17.375
013817101,"N     ","AA    ",1997-04-23,2709200,17.3125,17.4688,17.2188,17.4375
013817101,"N     ","AA    ",1997-04-24,1707200,17.625,17.6875,17.3125,17.4062
013817101,"N     ","AA    ",1997-04-25,1825200,17.4062,17.5312,17.2812,17.375
013817101,"N     ","AA    ",1997-04-28,1765200,17.2812,17.2812,17.0781,17.125
013817101,"N     ","AA    ",1997-04-29,1111600,17.3438,17.5,17.2188,17.4375
013817101,"N     ","AA    ",1997-04-30,3302000,17.4375,17.5938,17.4062,17.4688
013817101,"N     ","AA    ",1997-05-01,1959200,17.4375,17.4375,17.125,17.3125
013817101,"N     ","AA    ",1997-05-02,2680000,17.2812,17.5625,17.2812,17.5625
013817101,"N     ","AA    ",1997-05-05,2823200,17.5625,17.7812,17.375,17.6562
013817101,"N     ","AA    ",1997-05-06,2944800,17.5312,18.1562,17.5312,18.0938
013817101,"N     ","AA    ",1997-05-07,3768000,18.1562,18.3438,17.5312,17.625
013817101,"N     ","AA    ",1997-05-08,3062400,17.7188,18.125,17.6562,17.875
013817101,"N     ","AA    ",1997-05-09,1594800,18.0312,18.0625,17.75,17.8438
013817101,"N     ","AA    ",1997-05-12,2426800,17.8125,18.2812,17.8125,18.2188
013817101,"N     ","AA    ",1997-05-13,3536000,18.2812,18.5312,18.1562,18.375
013817101,"N     ","AA    ",1997-05-14,3071600,18.3438,18.5312,18.0625,18.0938
013817101,"N     ","AA    ",1997-05-15,2280000,18.0938,18.375,18.0312,18.3438
013817101,"N     ","AA    ",1997-05-16,2134400,18.3438,18.4062,18.2188,18.3125
013817101,"N     ","AA    ",1997-05-19,1962400,18.3438,18.5938,18.25,18.4062
013817101,"N     ","AA    ",1997-05-20,2861200,18.25,18.25,17.875,18.1875
013817101,"N     ","AA    ",1997-05-21,1038800,18.1875,18.3438,18,18.0625
013817101,"N     ","AA    ",1997-05-22,1213200,18.0312,18.2188,17.8438,18
013817101,"N     ","AA    ",1997-05-23,1095200,18,18.4688,18,18.4375
013817101,"N     ","AA    ",1997-05-27,2830800,18.375,18.6875,18.125,18.6875
013817101,"N     ","AA    ",1997-05-28,2937200,18.625,18.6562,18.2188,18.375
013817101,"N     ","AA    ",1997-05-29,1716400,18.4375,18.625,18.3438,18.4062
013817101,"N     ","AA    ",1997-05-30,2818000,18.4062,18.5,18.2188,18.4062
013817101,"N     ","AA    ",1997-06-02,2778800,18.4688,18.5312,18.3438,18.375
013817101,"N     ","AA    ",1997-06-03,2607600,18.1562,18.7188,18.1562,18.6562
013817101,"N     ","AA    ",1997-06-04,2238800,18.5625,18.5625,18.375,18.4688
013817101,"N     ","AA    ",1997-06-05,1343200,18.625,18.7227,18.4688,18.625
013817101,"N     ","AA    ",1997-06-06,2515600,18.5,18.7188,18.25,18.6875
013817101,"N     ","AA    ",1997-06-09,3385600,18.5,18.8438,18.2188,18.2188
013817101,"N     ","AA    ",1997-06-10,4164400,18.2812,18.6875,18.25,18.625
013817101,"N     ","AA    ",1997-06-11,3412800,18.6562,19.1562,18.6562,19.1562
013817101,"N     ","AA    ",1997-06-12,4064400,19.1562,19.4375,19,19.4375
013817101,"N     ","AA    ",1997-06-13,4434000,19.8125,19.8125,19.3125,19.4062
013817101,"N     ","AA    ",1997-06-16,1940800,19.4062,19.4688,19.1875,19.2188
013817101,"N     ","AA    ",1997-06-17,2672000,19.0312,19.2812,18.9062,19.125
013817101,"N     ","AA    ",1997-06-18,2440400,18.875,19.2188,18.875,19
013817101,"N     ","AA    ",1997-06-19,2111600,19,19.2812,19,19
013817101,"N     ","AA    ",1997-06-20,3757200,19.1562,19.1719,18.9375,19
013817101,"N     ","AA    ",1997-06-23,2215200,18.9375,19.0625,18.5312,18.5625
013817101,"N     ","AA    ",1997-06-24,2582400,18.625,18.875,18.4531,18.7969
013817101,"N     ","AA    ",1997-06-25,4418400,18.75,19.1562,18.5625,18.5938
013817101,"N     ","AA    ",1997-06-26,3740800,18.5625,18.875,18.5625,18.8438
013817101,"N     ","AA    ",1997-06-27,2106400,18.9688,19,18.7812,19
013817101,"N     ","AA    ",1997-06-30,2419200,19.125,19.3438,18.8438,18.8438
013817101,"N     ","AA    ",1997-07-01,2499600,18.9062,19.5,18.9062,19.0938
013817101,"N     ","AA    ",1997-07-02,4188400,18.875,19.5625,18.7812,19.5625
013817101,"N     ","AA    ",1997-07-03,2088000,19.3125,19.3594,19.125,19.25
013817101,"N     ","AA    ",1997-07-07,3462000,19.1875,19.625,18.9688,19.5625
013817101,"N     ","AA    ",1997-07-08,2975600,19.5,20.1094,19.375,19.9531
013817101,"N     ","AA    ",1997-07-09,2168400,19.9062,20,19.375,19.4688
013817101,"N     ","AA    ",1997-07-10,1821200,19.4844,19.6875,19.375,19.4531
013817101,"N     ","AA    ",1997-07-11,2524000,19.4375,19.4844,19.2656,19.2812
013817101,"N     ","AA    ",1997-07-14,2249200,19.25,19.4531,19.1875,19.3906
013817101,"N     ","AA    ",1997-07-15,2908400,19.4688,20,19.4688,19.9062
013817101,"N     ","AA    ",1997-07-16,2777200,19.875,20.3125,19.8438,20.2344
013817101,"N     ","AA    ",1997-07-17,3521600,20.2188,20.75,20.1562,20.6094
013817101,"N     ","AA    ",1997-07-18,3887200,20.8125,20.8125,20.2031,20.2656
013817101,"N     ","AA    ",1997-07-21,1603200,20.2812,20.5,20.1562,20.2188
013817101,"N     ","AA    ",1997-07-22,3480000,20.25,20.9219,20.25,20.8125
013817101,"N     ","AA    ",1997-07-23,3120800,20.7656,21.3438,20.7656,21.25
013817101,"N     ","AA    ",1997-07-24,2549600,21.25,21.25,20.9062,21
013817101,"N     ","AA    ",1997-07-25,1762800,20.9375,21.2031,20.9375,21.0781
013817101,"N     ","AA    ",1997-07-28,3304000,21.0156,21.7969,21,21.5781
013817101,"N     ","AA    ",1997-07-29,2472000,21.375,21.5938,21.2812,21.5156
013817101,"N     ","AA    ",1997-07-30,3415200,21.75,22.375,21.75,21.9844
013817101,"N     ","AA    ",1997-07-31,3099600,22,22.3125,22,22.125
013817101,"N     ","AA    ",1997-08-01,2488800,22.0312,22.2031,21.7188,21.875
013817101,"N     ","AA    ",1997-08-04,2144800,21.9688,22.1875,21.75,21.8125
013817101,"N     ","AA    ",1997-08-05,2041600,21.7969,22.1094,21.7344,22
013817101,"N     ","AA    ",1997-08-06,1806000,21.875,22,21.8125,21.9844
013817101,"N     ","AA    ",1997-08-07,2306000,22.0625,22.4062,22.0625,22.1875
013817101,"N     ","AA    ",1997-08-08,2312400,21.875,22.1406,21.625,21.6719
013817101,"N     ","AA    ",1997-08-11,2760000,21.5312,21.6562,21.3438,21.4531
013817101,"N     ","AA    ",1997-08-12,1840400,21.4531,21.5,21.2188,21.25
013817101,"N     ","AA    ",1997-08-13,3459200,21.25,21.4219,20.5,21.125
013817101,"N     ","AA    ",1997-08-14,2510400,21.1875,21.2188,20.7656,20.9531
013817101,"N     ","AA    ",1997-08-15,1967200,20.6719,20.75,20.4062,20.4062
013817101,"N     ","AA    ",1997-08-18,3912800,20.3906,20.9688,20.3281,20.9219
013817101,"N     ","AA    ",1997-08-19,3371200,20.9219,21.25,20.875,21.25
013817101,"N     ","AA    ",1997-08-20,1932000,21.1875,21.375,21.0781,21.2656
013817101,"N     ","AA    ",1997-08-21,2578000,21.2812,21.7188,21.2031,21.2188
013817101,"N     ","AA    ",1997-08-22,3053200,20.625,21.2031,20.625,21.2031
013817101,"N     ","AA    ",1997-08-25,2461600,21.2031,21.6406,21.1719,21.6094
013817101,"N     ","AA    ",1997-08-26,2319200,21.3594,21.4844,21.125,21.4375
013817101,"N     ","AA    ",1997-08-27,2194800,21.375,21.3906,20.8906,20.9844
013817101,"N     ","AA    ",1997-08-28,1812400,20.8594,21.25,20.8281,21.039
013817101,"N     ","AA    ",1997-08-29,1530000,20.9062,21,20.5625,20.5625
013817101,"N     ","AA    ",1997-09-02,2658000,20.5625,21.3281,20.5312,21.2969
013817101,"N     ","AA    ",1997-09-03,1756800,21.2656,21.2812,20.9688,21
013817101,"N     ","AA    ",1997-09-04,1252800,20.9688,20.9844,20.7656,20.8438
013817101,"N     ","AA    ",1997-09-05,1802800,21.1875,21.1875,20.7656,20.875
013817101,"N     ","AA    ",1997-09-08,1795200,20.8438,21.0312,20.5156,20.5156
013817101,"N     ","AA    ",1997-09-09,1550800,20.5,20.7344,20.5,20.6562
013817101,"N     ","AA    ",1997-09-10,2071600,20.625,20.6719,20.25,20.3125
013817101,"N     ","AA    ",1997-09-11,4966400,20,20.2188,19.75,20.0156
013817101,"N     ","AA    ",1997-09-12,3883200,20.0469,20.25,19.625,19.6562
013817101,"N     ","AA    ",1997-09-15,3062800,19.7812,20.1875,19.7812,20.0312
013817101,"N     ","AA    ",1997-09-16,2338800,20.0938,20.6094,20.0938,20.5938
013817101,"N     ","AA    ",1997-09-17,1230000,20.5312,20.5625,20.125,20.2812
013817101,"N     ","AA    ",1997-09-18,2288800,20.3125,21.1875,20.3125,20.7031
013817101,"N     ","AA    ",1997-09-19,1935200,20.75,20.9219,20.5938,20.7656
013817101,"N     ","AA    ",1997-09-22,1864800,20.75,20.7656,20.25,20.5312
013817101,"N     ","AA    ",1997-09-23,1649200,20.5469,20.6719,20.3281,20.5312
013817101,"N     ","AA    ",1997-09-24,1424400,20.4688,20.5938,20.125,20.1719
013817101,"N     ","AA    ",1997-09-25,1800400,20.2344,20.3906,20.0625,20.1719
013817101,"N     ","AA    ",1997-09-26,3137600,20.1875,20.3125,19.875,20.0781
013817101,"N     ","AA    ",1997-09-29,2211600,20.0625,20.625,20.0625,20.4688
013817101,"N     ","AA    ",1997-09-30,2352000,20.5312,20.6719,20.4219,20.5
013817101,"N     ","AA    ",1997-10-01,3131200,20.75,20.9844,20.6406,20.7188
013817101,"N     ","AA    ",1997-10-02,1797200,20.625,20.7812,20.5,20.7344
013817101,"N     ","AA    ",1997-10-03,4046800,20.6406,20.7188,20.1094,20.3438
013817101,"N     ","AA    ",1997-10-06,4951600,20.4062,20.4375,19.875,20.1875
013817101,"N     ","AA    ",1997-10-07,2379200,20.3125,20.5938,20.3125,20.5312
013817101,"N     ","AA    ",1997-10-08,2270000,20.5312,20.5312,19.9844,20.0469
013817101,"N     ","AA    ",1997-10-09,2705200,19.9844,20.0469,19.625,19.7656
013817101,"N     ","AA    ",1997-10-10,2108400,19.5312,19.9531,19.5312,19.9219
013817101,"N     ","AA    ",1997-10-13,1549200,19.9375,20.2188,19.8594,20.1406
013817101,"N     ","AA    ",1997-10-14,2073600,20.3125,20.3438,20.0625,20.25
013817101,"N     ","AA    ",1997-10-15,1298000,20.1875,20.2812,20.0781,20.1094
013817101,"N     ","AA    ",1997-10-16,1905200,20.0781,20.1875,19.8438,19.8906
013817101,"N     ","AA    ",1997-10-17,3824800,19.8281,19.9844,19.6406,19.8281
013817101,"N     ","AA    ",1997-10-20,1504800,19.7656,20.0625,19.75,19.9062
013817101,"N     ","AA    ",1997-10-21,3095200,19.9062,20.1562,19.8906,20
013817101,"N     ","AA    ",1997-10-22,2874400,20,20.25,19.9375,20.1875
013817101,"N     ","AA    ",1997-10-23,6272800,19.75,19.875,19.25,19.3125
013817101,"N     ","AA    ",1997-10-24,5758800,19.5,19.5469,19.0156,19.1094
013817101,"N     ","AA    ",1997-10-27,7414000,18.75,18.7812,17.25,17.25
013817101,"N     ","AA    ",1997-10-28,7987200,16.875,17.4844,16.7812,17.4688
013817101,"N     ","AA    ",1997-10-29,8739600,18.25,18.6094,17.8281,17.8594
013817101,"N     ","AA    ",1997-10-30,6594400,17.75,18.4375,17.6406,18.0156
013817101,"N     ","AA    ",1997-10-31,4372400,18.1875,18.3125,18.0156,18.25
013817101,"N     ","AA    ",1997-11-03,4514000,18.5,18.5625,18.25,18.5
013817101,"N     ","AA    ",1997-11-04,3193200,18.5156,18.7344,18.2031,18.2188
013817101,"N     ","AA    ",1997-11-05,3260400,18.25,18.5312,18.25,18.5
013817101,"N     ","AA    ",1997-11-06,3652000,18.4688,18.4688,18,18.0625
013817101,"N     ","AA    ",1997-11-07,4263200,17.7812,17.9688,17.3438,17.5312
013817101,"N     ","AA    ",1997-11-10,3077600,17.6562,17.7969,17.4062,17.5
013817101,"N     ","AA    ",1997-11-11,2288400,17.5,17.6562,17.2344,17.25
013817101,"N     ","AA    ",1997-11-12,4537600,17.0312,17.0781,16.5,16.5156
013817101,"N     ","AA    ",1997-11-13,4246400,16.75,17.1562,16.6562,17.0156
013817101,"N     ","AA    ",1997-11-14,2597200,17.0312,17.5156,17,17.5
013817101,"N     ","AA    ",1997-11-17,2848000,17.5625,17.6406,17.1719,17.25
013817101,"N     ","AA    ",1997-11-18,2892800,17.375,17.4375,17.2969,17.3125
013817101,"N     ","AA    ",1997-11-19,1622000,17.3125,17.4844,17.2812,17.2812
013817101,"N     ","AA    ",1997-11-20,2584800,17.3438,17.6562,17.3438,17.5781
013817101,"N     ","AA    ",1997-11-21,2122800,17.75,17.75,17.3438,17.4375
013817101,"N     ","AA    ",1997-11-24,2866800,17.4375,17.4375,17.2344,17.25
013817101,"N     ","AA    ",1997-11-25,3570800,17.4688,17.4844,17,17.0469
013817101,"N     ","AA    ",1997-11-26,5184000,17.2188,17.2188,16.6875,16.8125
013817101,"N     ","AA    ",1997-11-28,1264000,16.875,16.875,16.7188,16.8125
013817101,"N     ","AA    ",1997-12-01,4703200,16.75,16.8438,16.5625,16.7656
013817101,"N     ","AA    ",1997-12-02,4272000,16.7656,17.1875,16.75,17.0312
013817101,"N     ","AA    ",1997-12-03,2979600,17.0312,17.2344,17.0312,17.0938
013817101,"N     ","AA    ",1997-12-04,3203600,17.125,17.4219,17.0938,17.3281
013817101,"N     ","AA    ",1997-12-05,2430400,17.3125,17.6406,17.2969,17.4531
013817101,"N     ","AA    ",1997-12-08,1627200,17.5156,17.7656,17.5156,17.625
013817101,"N     ","AA    ",1997-12-09,3320400,17.75,18.0625,17.75,17.7812
013817101,"N     ","AA    ",1997-12-10,6800400,18,18.2188,17.6562,17.875
013817101,"N     ","AA    ",1997-12-11,5229200,17.625,17.6562,17.125,17.2344
013817101,"N     ","AA    ",1997-12-12,3010400,17.2344,17.3438,16.7656,16.9375
013817101,"N     ","AA    ",1997-12-15,2934000,17,17.375,17,17.3438
013817101,"N     ","AA    ",1997-12-16,2872000,17.4375,17.625,17.3906,17.4219
013817101,"N     ","AA    ",1997-12-17,3491600,17.625,17.9688,17.5156,17.9688
013817101,"N     ","AA    ",1997-12-18,2826000,17.8438,17.8438,17.375,17.5938
013817101,"N     ","AA    ",1997-12-19,5264000,17.5938,17.5938,17.0469,17.4375
013817101,"N     ","AA    ",1997-12-22,2332000,17.5,17.6875,17.25,17.4844
013817101,"N     ","AA    ",1997-12-23,2509200,17.4844,17.625,17.2812,17.375
013817101,"N     ","AA    ",1997-12-24,786000,17.3438,17.3438,17.1406,17.2188
013817101,"N     ","AA    ",1997-12-26,596400,17.2344,17.3125,17.1015,17.125
013817101,"N     ","AA    ",1997-12-29,3011200,17.25,17.4062,17.2344,17.2812
013817101,"N     ","AA    ",1997-12-30,5325200,17.2812,17.5938,17.1875,17.4688
013817101,"N     ","AA    ",1997-12-31,2423600,17.4062,17.9688,17.4062,17.5938
013817101,"N     ","AA    ",1998-01-02,2103600,17.8438,17.9062,17.6719,17.8125
013817101,"N     ","AA    ",1998-01-05,4190800,18,18.2812,17.9688,18.125
013817101,"N     ","AA    ",1998-01-06,3061200,18.0312,18.0312,17.7031,17.7188
013817101,"N     ","AA    ",1998-01-07,2740000,17.3906,17.75,17.3906,17.75
013817101,"N     ","AA    ",1998-01-08,1965200,17.75,17.875,16.9688,17
013817101,"N     ","AA    ",1998-01-09,6072400,16.9844,16.9844,16.5625,16.5625
013817101,"N     ","AA    ",1998-01-12,4367200,16.2656,16.5625,16.2656,16.5312
013817101,"N     ","AA    ",1998-01-13,3355600,16.75,16.75,16.3125,16.5
013817101,"N     ","AA    ",1998-01-14,5230000,16.5938,16.7031,16.4688,16.5469
013817101,"N     ","AA    ",1998-01-15,4021600,16.5156,16.5781,16.3594,16.4844
013817101,"N     ","AA    ",1998-01-16,6400400,16.6875,16.8438,16.4688,16.625
013817101,"N     ","AA    ",1998-01-20,5231200,16.625,17.0938,16.5938,17.0781
013817101,"N     ","AA    ",1998-01-21,3260400,17.1094,17.2812,17.0156,17.1562
013817101,"N     ","AA    ",1998-01-22,2570800,17.375,17.375,16.9062,16.9062
013817101,"N     ","AA    ",1998-01-23,3424000,17.125,17.3438,16.9844,17.2812
013817101,"N     ","AA    ",1998-01-26,3908400,17.25,17.5156,17.25,17.375
013817101,"N     ","AA    ",1998-01-27,3330800,17.375,17.6094,17.3438,17.4844
013817101,"N     ","AA    ",1998-01-28,3558000,17.5,18.0625,17.5,18.0312
013817101,"N     ","AA    ",1998-01-29,6914000,18.0938,18.9375,18.0938,18.9375
013817101,"N     ","AA    ",1998-01-30,7608800,18.9375,19.25,18.75,19.0938
013817101,"N     ","AA    ",1998-02-02,6616400,19.25,19.5469,19.1562,19.5156
013817101,"N     ","AA    ",1998-02-03,2510000,19.4531,19.4531,19.1875,19.2656
013817101,"N     ","AA    ",1998-02-04,3993600,19.1562,19.2344,18.8594,19.0312
013817101,"N     ","AA    ",1998-02-05,1624800,19.125,19.1719,18.7656,18.8906
013817101,"N     ","AA    ",1998-02-06,1121200,18.9062,19.0938,18.8906,18.9844
013817101,"N     ","AA    ",1998-02-09,1116400,18.9219,19,18.7656,18.8125
013817101,"N     ","AA    ",1998-02-10,2052400,18.7656,19.1094,18.75,19
013817101,"N     ","AA    ",1998-02-11,1358800,19.0156,19.0469,18.8594,18.9219
013817101,"N     ","AA    ",1998-02-12,3035200,18.8906,19.2344,18.875,19.2344
013817101,"N     ","AA    ",1998-02-13,2268000,19.2031,19.3281,19.0156,19.2188
013817101,"N     ","AA    ",1998-02-17,3524000,19.1875,19.2031,18.9531,18.9844
013817101,"N     ","AA    ",1998-02-18,2739200,19,19.1094,18.625,18.625
013817101,"N     ","AA    ",1998-02-19,2245600,18.5625,18.6094,18.2969,18.375
013817101,"N     ","AA    ",1998-02-20,2604400,18.25,18.3125,18.0625,18.0625
013817101,"N     ","AA    ",1998-02-23,5665600,18.125,18.125,17.6562,17.6875
013817101,"N     ","AA    ",1998-02-24,4758000,17.5,17.7188,17.3125,17.7031
013817101,"N     ","AA    ",1998-02-25,2595200,17.75,18.1094,17.75,17.9531
013817101,"N     ","AA    ",1998-02-26,1111200,17.9062,18.0781,17.8594,18.0625
013817101,"N     ","AA    ",1998-02-27,3370000,18.1094,18.4688,17.9375,18.3438
013817101,"N     ","AA    ",1998-03-02,2924000,18.2812,18.375,17.6875,17.7188
013817101,"N     ","AA    ",1998-03-03,2816000,17.6562,18.1562,17.6562,18.0781
013817101,"N     ","AA    ",1998-03-04,2178800,18.0938,18.1094,17.8594,17.9219
013817101,"N     ","AA    ",1998-03-05,1791200,17.6875,17.9062,17.5938,17.7031
013817101,"N     ","AA    ",1998-03-06,2690800,17.7031,17.9062,17.6562,17.9062
013817101,"N     ","AA    ",1998-03-09,4910400,17.875,18.4531,17.7812,17.8594
013817101,"N     ","AA    ",1998-03-10,4074800,18.0625,18.3125,18,18.3125
013817101,"N     ","AA    ",1998-03-11,2724000,18.375,18.4062,18.0625,18.0781
013817101,"N     ","AA    ",1998-03-12,4466800,17.875,17.875,17.5781,17.8438
013817101,"N     ","AA    ",1998-03-13,3547600,17.9375,17.9375,17.4688,17.4844
013817101,"N     ","AA    ",1998-03-16,2659200,17.6406,18.125,17.6094,18.0156
013817101,"N     ","AA    ",1998-03-17,3060400,18.3125,18.3281,18.125,18.2031
013817101,"N     ","AA    ",1998-03-18,3773200,18.1406,18.1562,17.8438,18.1562
013817101,"N     ","AA    ",1998-03-19,3610800,18.1875,18.6406,18.1719,18.5625
013817101,"N     ","AA    ",1998-03-20,4120400,18.5625,18.5625,18.1406,18.2969
013817101,"N     ","AA    ",1998-03-23,3000400,18.2812,18.2812,18.0156,18.0469
013817101,"N     ","AA    ",1998-03-24,2472400,18.0625,18.1719,17.8125,17.9062
013817101,"N     ","AA    ",1998-03-25,4458000,18,18.1562,17.9375,18.0469
013817101,"N     ","AA    ",1998-03-26,3537600,18.0312,18.1094,17.9375,17.9375
013817101,"N     ","AA    ",1998-03-27,2481200,17.9531,17.9844,17.5938,17.6875
013817101,"N     ","AA    ",1998-03-30,4086800,17.5,17.5312,17,17.0781
013817101,"N     ","AA    ",1998-03-31,4178400,17.1094,17.25,17.0938,17.2031
013817101,"N     ","AA    ",1998-04-01,3332800,17.25,17.2812,17,17.125
013817101,"N     ","AA    ",1998-04-02,5736400,17.25,17.5,17.2344,17.3906
013817101,"N     ","AA    ",1998-04-03,5404000,17.5,17.5469,17.1406,17.25
013817101,"N     ","AA    ",1998-04-06,8082800,17.75,17.9375,17.2031,17.3906
013817101,"N     ","AA    ",1998-04-07,5083600,17.4062,17.4688,16.9062,16.9375
013817101,"N     ","AA    ",1998-04-08,8208000,17.1875,17.2188,17.0781,17.1562
013817101,"N     ","AA    ",1998-04-09,6607200,17.1875,17.5156,17.1719,17.5156
013817101,"N     ","AA    ",1998-04-13,5288000,17.7344,17.9844,17.5469,17.8281
013817101,"N     ","AA    ",1998-04-14,8526400,18.25,19.0469,18.2344,19
013817101,"N     ","AA    ",1998-04-15,14366000,19.5,19.7188,19.2969,19.625
013817101,"N     ","AA    ",1998-04-16,5619600,19.5625,19.5625,19.125,19.25
013817101,"N     ","AA    ",1998-04-17,3305200,19.1875,19.2471,19.0781,19.1562
013817101,"N     ","AA    ",1998-04-20,3449200,19.1406,19.4375,19.0312,19.3125
013817101,"N     ","AA    ",1998-04-21,3736400,19.4688,19.6094,19.25,19.5938
013817101,"N     ","AA    ",1998-04-22,2665600,19.5625,19.6875,19.4375,19.6719
013817101,"N     ","AA    ",1998-04-23,3142400,19.6719,19.7812,19.5938,19.75
013817101,"N     ","AA    ",1998-04-24,3129200,19.75,19.8281,19.4688,19.5156
013817101,"N     ","AA    ",1998-04-27,4836400,19.125,19.3438,19.125,19.2812
013817101,"N     ","AA    ",1998-04-28,4229600,19.3438,19.3438,18.875,19.0625
013817101,"N     ","AA    ",1998-04-29,2791600,19.25,19.3125,19.1562,19.1875
013817101,"N     ","AA    ",1998-04-30,3223600,19.1562,19.5938,19.1562,19.375
013817101,"N     ","AA    ",1998-05-01,2268000,19.375,19.5156,19.2188,19.4531
013817101,"N     ","AA    ",1998-05-04,1345200,19.5938,19.625,19.3906,19.5469
013817101,"N     ","AA    ",1998-05-05,1758400,19.6094,19.6094,19.3125,19.3125
013817101,"N     ","AA    ",1998-05-06,2121600,19.4688,19.4688,18.9844,19.0156
013817101,"N     ","AA    ",1998-05-07,4692400,19.0156,19.0625,18.7031,18.7344
013817101,"N     ","AA    ",1998-05-08,1726000,18.7344,19.0625,18.7344,18.875
013817101,"N     ","AA    ",1998-05-11,2362800,18.9062,19.1875,18.9062,19.0938
013817101,"N     ","AA    ",1998-05-12,1394800,19.1406,19.3125,19.1094,19.2188
013817101,"N     ","AA    ",1998-05-13,3423200,19.2188,19.2344,18.9844,19.1875
013817101,"N     ","AA    ",1998-05-14,3884800,19,19.1875,19,19.0312
013817101,"N     ","AA    ",1998-05-15,4280400,18.9844,18.9844,18.5,18.5
013817101,"N     ","AA    ",1998-05-18,2523600,18.5312,18.5781,18.25,18.2969
013817101,"N     ","AA    ",1998-05-19,2872400,18.2969,18.2969,17.8438,17.875
013817101,"N     ","AA    ",1998-05-20,2521600,17.8906,18.0469,17.8125,17.875
013817101,"N     ","AA    ",1998-05-21,3644800,17.9688,18.2344,17.7969,17.8594
013817101,"N     ","AA    ",1998-05-22,1217600,17.9688,17.9688,17.75,17.8281
013817101,"N     ","AA    ",1998-05-26,2036400,17.7812,17.9062,17.6562,17.6719
013817101,"N     ","AA    ",1998-05-27,3021600,17.6875,17.7812,17.4219,17.75
013817101,"N     ","AA    ",1998-05-28,2864800,17.7031,17.7188,17.5156,17.5469
013817101,"N     ","AA    ",1998-05-29,2404400,17.6094,17.6875,17.3438,17.3438
013817101,"N     ","AA    ",1998-06-01,2989600,17.4062,17.5312,17.1406,17.1562
013817101,"N     ","AA    ",1998-06-02,2228800,17.1562,17.3438,17.1406,17.2969
013817101,"N     ","AA    ",1998-06-03,2099600,17.2812,17.4375,17.0781,17.1094
013817101,"N     ","AA    ",1998-06-04,1995600,17.1094,17.1094,16.8281,17
013817101,"N     ","AA    ",1998-06-05,2104000,17.0781,17.2812,17.0156,17.1719
013817101,"N     ","AA    ",1998-06-08,2459200,17.2031,17.4531,17.2031,17.25
013817101,"N     ","AA    ",1998-06-09,1706400,17.2656,17.3125,17.0625,17.1562
013817101,"N     ","AA    ",1998-06-10,2802800,17.1094,17.1094,16.6875,16.6875
013817101,"N     ","AA    ",1998-06-11,6282000,16.625,16.6719,16.3281,16.3281
013817101,"N     ","AA    ",1998-06-12,4520000,16.3281,16.4844,16.2031,16.25
013817101,"N     ","AA    ",1998-06-15,5122800,16.25,16.2812,15.9375,15.9375
013817101,"N     ","AA    ",1998-06-16,7404000,15.9531,16.25,15.75,15.7812
013817101,"N     ","AA    ",1998-06-17,7839600,16.25,16.375,16.0625,16.1719
013817101,"N     ","AA    ",1998-06-18,4357600,16.25,16.3281,15.9375,15.9688
013817101,"N     ","AA    ",1998-06-19,4965200,16.0312,16.2656,16.0312,16.1094
013817101,"N     ","AA    ",1998-06-22,2620400,16.1875,16.25,15.9688,16
013817101,"N     ","AA    ",1998-06-23,2310000,16.2188,16.2344,16.0781,16.125
013817101,"N     ","AA    ",1998-06-24,3267600,16.0625,16.0625,15.8281,15.875
013817101,"N     ","AA    ",1998-06-25,5693200,15.9531,16.2188,15.6875,15.8281
013817101,"N     ","AA    ",1998-06-26,3835600,15.875,16.5156,15.8438,16.4375
013817101,"N     ","AA    ",1998-06-29,3860000,16.5781,16.7969,16.4062,16.5156
013817101,"N     ","AA    ",1998-06-30,3241200,16.5625,16.6094,16.4062,16.4844
013817101,"N     ","AA    ",1998-07-01,4268000,16.5938,16.75,16.5,16.75
013817101,"N     ","AA    ",1998-07-02,2535200,16.875,16.875,16.5312,16.5625
013817101,"N     ","AA    ",1998-07-06,3239200,16.5781,16.625,16.25,16.25
013817101,"N     ","AA    ",1998-07-07,7610800,16.2656,17.1875,16.1562,16.4219
013817101,"N     ","AA    ",1998-07-08,4640000,16.625,16.8125,16.4688,16.5938
013817101,"N     ","AA    ",1998-07-09,3596000,16.5625,16.625,16.3594,16.4375
013817101,"N     ","AA    ",1998-07-10,3688000,16.4375,16.4531,15.9219,16.0938
013817101,"N     ","AA    ",1998-07-13,2548000,16.3438,16.4219,16.125,16.3438
013817101,"N     ","AA    ",1998-07-14,4647200,16.375,17.1562,16.375,17.1562
013817101,"N     ","AA    ",1998-07-15,10248800,17.875,18.1875,17.7656,18.0938
013817101,"N     ","AA    ",1998-07-16,5652400,18,18.5,18,18.2812
013817101,"N     ","AA    ",1998-07-17,5708400,18.4219,18.4219,18.0625,18.1406
013817101,"N     ","AA    ",1998-07-20,4489200,18.1562,18.2188,17.7812,17.9531
013817101,"N     ","AA    ",1998-07-21,3366000,17.9844,18.0156,17.8906,17.9375
013817101,"N     ","AA    ",1998-07-22,5566000,17.9062,18.0938,17.875,17.9688
013817101,"N     ","AA    ",1998-07-23,4086800,17.9844,18.0156,17.7812,17.8125
013817101,"N     ","AA    ",1998-07-24,4156000,17.8281,17.9062,17.625,17.6562
013817101,"N     ","AA    ",1998-07-27,2624800,17.6562,17.6562,17.3906,17.5469
013817101,"N     ","AA    ",1998-07-28,2371600,17.5,17.5,17.125,17.375
013817101,"N     ","AA    ",1998-07-29,2411600,17.4375,17.5312,17.2656,17.4219
013817101,"N     ","AA    ",1998-07-30,4696800,17.375,17.7188,17.3594,17.6406
013817101,"N     ","AA    ",1998-07-31,3988400,17.6562,17.6562,17.2969,17.3281
013817101,"N     ","AA    ",1998-08-03,2900000,17.25,17.2656,16.875,16.9688
013817101,"N     ","AA    ",1998-08-04,4170800,17.0625,17.0938,16.3438,16.4062
013817101,"N     ","AA    ",1998-08-05,4051200,16.3125,16.375,16.0156,16.25
013817101,"N     ","AA    ",1998-08-06,4723200,16,16.2812,15.8281,16.2812
013817101,"N     ","AA    ",1998-08-07,2688800,16.2344,16.7031,16.2188,16.6875
013817101,"N     ","AA    ",1998-08-10,1940000,16.5469,16.8125,16.3906,16.7969
013817101,"N     ","AA    ",1998-08-11,2958000,16.625,16.625,16.1406,16.3594
013817101,"N     ","AA    ",1998-08-12,3209200,16.5,16.6562,16.3594,16.375
013817101,"N     ","AA    ",1998-08-13,4172400,16.375,16.4844,16.0156,16.0156
013817101,"N     ","AA    ",1998-08-14,2774000,16.25,16.2656,15.7656,15.7969
013817101,"N     ","AA    ",1998-08-17,2550800,15.9062,16.1875,15.8438,16.1562
013817101,"N     ","AA    ",1998-08-18,3015600,16.125,16.75,16.0469,16.75
013817101,"N     ","AA    ",1998-08-19,5787200,17.125,17.125,16.875,17
013817101,"N     ","AA    ",1998-08-20,3149200,16.9844,17.2656,16.9375,17.1719
013817101,"N     ","AA    ",1998-08-21,3248800,17.125,17.1406,16.5156,16.6094
013817101,"N     ","AA    ",1998-08-24,2199600,16.625,16.75,16.2188,16.25
013817101,"N     ","AA    ",1998-08-25,3163200,16.375,16.4844,15.875,15.9375
013817101,"N     ","AA    ",1998-08-26,5112800,15.7656,15.8125,15.5156,15.625
013817101,"N     ","AA    ",1998-08-27,6001200,15.375,15.4688,14.5,14.8281
013817101,"N     ","AA    ",1998-08-28,4717200,15.0625,15.1562,14.8281,15.1562
013817101,"N     ","AA    ",1998-08-31,4172000,15.1406,15.3281,14.9688,14.9688
013817101,"N     ","AA    ",1998-09-01,4176400,15.25,15.8594,14.9688,15.7812
013817101,"N     ","AA    ",1998-09-02,4686000,16.25,16.25,15.5156,15.5469
013817101,"N     ","AA    ",1998-09-03,5183200,15.5469,16.375,15.375,16.1719
013817101,"N     ","AA    ",1998-09-04,4916000,16.4062,16.4219,15.5625,15.9375
013817101,"N     ","AA    ",1998-09-08,4723200,16.7188,16.9062,16.3594,16.8125
013817101,"N     ","AA    ",1998-09-09,7349600,16.8125,17.1094,16.5625,16.5938
013817101,"N     ","AA    ",1998-09-10,4237600,16.1562,16.375,16.125,16.2344
013817101,"N     ","AA    ",1998-09-11,4180800,16.3125,17.0312,16.2031,17.0156
013817101,"N     ","AA    ",1998-09-14,5482800,17.2656,17.7656,17.2656,17.5156
013817101,"N     ","AA    ",1998-09-15,5934000,17.3125,17.6562,17.2188,17.5625
013817101,"N     ","AA    ",1998-09-16,6271600,17.5938,17.7812,17.3281,17.75
013817101,"N     ","AA    ",1998-09-17,3098000,17.4062,17.4219,16.9688,16.9688
013817101,"N     ","AA    ",1998-09-18,4024400,17.2031,17.2031,16.8125,16.9531
013817101,"N     ","AA    ",1998-09-21,4955200,16.75,17,16.6406,17
013817101,"N     ","AA    ",1998-09-22,5888400,17.0625,17.2812,17,17.0469
013817101,"N     ","AA    ",1998-09-23,3328800,17.2188,18.0312,17.1406,18.0312
013817101,"N     ","AA    ",1998-09-24,3796000,17.875,18.1094,17.5,17.5938
013817101,"N     ","AA    ",1998-09-25,5720000,17.4375,18.0781,17.3125,17.9375
013817101,"N     ","AA    ",1998-09-28,4125600,18.0938,18.5,18.0469,18.1406
013817101,"N     ","AA    ",1998-09-29,5155600,18.0938,18.1875,17.625,18.0938
013817101,"N     ","AA    ",1998-09-30,4862400,18,18.0156,17.4531,17.75
013817101,"N     ","AA    ",1998-10-01,2769200,17.6875,17.6875,17.0156,17.0469
013817101,"N     ","AA    ",1998-10-02,3391600,17.0469,17.4219,16.8281,17.2812
013817101,"N     ","AA    ",1998-10-05,3446400,17.0938,17.2344,16.8125,17.0469
013817101,"N     ","AA    ",1998-10-06,5494000,17.2656,18.125,17.2656,18.125
013817101,"N     ","AA    ",1998-10-07,7253200,18.1094,18.4062,17.875,18.1562
013817101,"N     ","AA    ",1998-10-08,8471200,18.125,18.6562,17.9375,18.3125
013817101,"N     ","AA    ",1998-10-09,10287600,18.6875,19.5,18.6406,19.4844
013817101,"N     ","AA    ",1998-10-12,6151200,19.5,19.75,19.3594,19.625
013817101,"N     ","AA    ",1998-10-13,6136400,19.0156,19.0938,18.6094,18.6875
013817101,"N     ","AA    ",1998-10-14,3740400,18.75,18.75,18.2188,18.25
013817101,"N     ","AA    ",1998-10-15,3900400,18.3125,19.2812,18.0625,19.2812
013817101,"N     ","AA    ",1998-10-16,9408800,19.5312,20.3125,19.2969,19.8125
013817101,"N     ","AA    ",1998-10-19,2935200,19.7812,19.9531,19.5156,19.5156
013817101,"N     ","AA    ",1998-10-20,5861600,20,20.0938,19.5781,19.5781
013817101,"N     ","AA    ",1998-10-21,3660000,19.7969,19.8125,19.5,19.5312
013817101,"N     ","AA    ",1998-10-22,2439600,19.5156,19.5156,19.25,19.375
013817101,"N     ","AA    ",1998-10-23,2890800,19.2812,19.3438,19.0156,19.0156
013817101,"N     ","AA    ",1998-10-26,2836800,19.0312,19.0938,18.7812,18.7969
013817101,"N     ","AA    ",1998-10-27,3915200,18.8906,19.3594,18.8906,18.9688
013817101,"N     ","AA    ",1998-10-28,2878800,18.9375,19.0312,18.5938,18.625
013817101,"N     ","AA    ",1998-10-29,3439200,18.6562,19.375,18.5938,19.375
013817101,"N     ","AA    ",1998-10-30,3258400,19.4219,19.9844,19.4219,19.8125
013817101,"N     ","AA    ",1998-11-02,3430400,19.75,19.75,19.2969,19.2969
013817101,"N     ","AA    ",1998-11-03,2138800,19.2188,19.5469,19.2188,19.5
013817101,"N     ","AA    ",1998-11-04,2915200,19.5938,19.9062,19.4844,19.8281
013817101,"N     ","AA    ",1998-11-05,5625600,19.9062,20.0625,19.8438,20
013817101,"N     ","AA    ",1998-11-06,2836000,20,20,19.5312,19.8438
013817101,"N     ","AA    ",1998-11-09,2888000,19.8594,20.0938,19.6562,19.7656
013817101,"N     ","AA    ",1998-11-10,2924800,19.7031,19.8906,19.5938,19.6094
013817101,"N     ","AA    ",1998-11-11,3446400,19.7188,19.875,19.6406,19.7344
013817101,"N     ","AA    ",1998-11-12,3293600,19.7344,20,19.4688,19.5156
013817101,"N     ","AA    ",1998-11-13,1446000,19.5469,19.8594,19.3906,19.7188
013817101,"N     ","AA    ",1998-11-16,2442400,19.9062,19.9375,19.2344,19.2656
013817101,"N     ","AA    ",1998-11-17,3214800,19.2031,19.8594,19.0312,19.7344
013817101,"N     ","AA    ",1998-11-18,3066800,19.5,19.8438,19.5,19.7969
013817101,"N     ","AA    ",1998-11-19,2415200,19.8438,19.9844,19.6562,19.8281
013817101,"N     ","AA    ",1998-11-20,3710800,19.8438,20.1562,19.8281,19.9531
013817101,"N     ","AA    ",1998-11-23,2815200,20.0312,20.1094,19.9688,20.0781
013817101,"N     ","AA    ",1998-11-24,4288400,20.0781,20.0781,19.4688,19.4688
013817101,"N     ","AA    ",1998-11-25,3082800,19.4375,19.6094,19.375,19.5
013817101,"N     ","AA    ",1998-11-27,914400,19.5312,19.5781,19.4062,19.5469
013817101,"N     ","AA    ",1998-11-30,3285200,19.25,19.2812,18.5312,18.5625
013817101,"N     ","AA    ",1998-12-01,5488800,18.25,18.5625,18.2344,18.25
013817101,"N     ","AA    ",1998-12-02,3996400,18.1875,18.8125,18.1094,18.6562
013817101,"N     ","AA    ",1998-12-03,3338400,18.4062,18.4688,18.125,18.2656
013817101,"N     ","AA    ",1998-12-04,3832400,18.2812,18.625,18.0156,18.0156
013817101,"N     ","AA    ",1998-12-07,2459200,18.0938,18.6875,18.0938,18.5625
013817101,"N     ","AA    ",1998-12-08,2662400,18.7344,18.875,18.5,18.6406
013817101,"N     ","AA    ",1998-12-09,1865200,18.7188,18.7188,18.2031,18.5625
013817101,"N     ","AA    ",1998-12-10,2320000,18.5,18.5781,18.1719,18.1719
013817101,"N     ","AA    ",1998-12-11,3069600,18.2344,18.2969,17.9062,18.2344
013817101,"N     ","AA    ",1998-12-14,3272000,18.1094,18.8125,18.0781,18.2344
013817101,"N     ","AA    ",1998-12-15,3110000,18.25,18.2656,17.5938,17.7656
013817101,"N     ","AA    ",1998-12-16,3302400,17.8125,17.9844,17.3594,17.9219
013817101,"N     ","AA    ",1998-12-17,3550400,17.9844,18.0156,17.5938,17.6094
013817101,"N     ","AA    ",1998-12-18,5306800,17.6875,17.6875,17.2812,17.3438
013817101,"N     ","AA    ",1998-12-21,6500000,17.3125,17.6875,17.2656,17.4062
013817101,"N     ","AA    ",1998-12-22,2575600,17.4688,17.5312,17.3125,17.3125
013817101,"N     ","AA    ",1998-12-23,3271600,17.3281,17.9531,17.3281,17.8906
013817101,"N     ","AA    ",1998-12-24,779200,17.9062,18.1094,17.75,18.0781
013817101,"N     ","AA    ",1998-12-28,1562000,18.0781,18.0781,17.875,18.0312
013817101,"N     ","AA    ",1998-12-29,2307200,18.0312,18.4375,17.9688,18.1406
013817101,"N     ","AA    ",1998-12-30,2451600,18.1562,18.625,18.1406,18.5625
013817101,"N     ","AA    ",1998-12-31,2259600,18.5312,18.7812,18.5312,18.6406
013817101,"N     ","AA    ",1999-01-04,3024400,18.6406,19,18.4219,18.4375
013817101,"N     ","AA    ",1999-01-05,2786400,18.6875,19.125,18.6562,18.8125
013817101,"N     ","AA    ",1999-01-06,4617200,18.75,19.75,18.75,19.5625
013817101,"N     ","AA    ",1999-01-07,5132000,19.2656,19.5,19.0625,19.3125
013817101,"N     ","AA    ",1999-01-08,14003600,20.7188,21.2969,20.6875,21.2812
013817101,"N     ","AA    ",1999-01-11,11342800,21.2812,22.5312,21.0938,22.0469
013817101,"N     ","AA    ",1999-01-12,9942400,21.6094,21.7656,21.2656,21.3125
013817101,"N     ","AA    ",1999-01-13,11898000,20.8125,21.4688,20.625,20.9688
013817101,"N     ","AA    ",1999-01-14,5201200,21.0312,21.0938,20.3906,20.4062
013817101,"N     ","AA    ",1999-01-15,5051600,20.5156,21.5312,20.2344,21.5156
013817101,"N     ","AA    ",1999-01-19,3754000,21.4688,21.5156,20.8125,21.4844
013817101,"N     ","AA    ",1999-01-20,3030000,21.375,21.375,20.9375,20.9688
013817101,"N     ","AA    ",1999-01-21,3724400,20.875,21.6094,20.8594,21
013817101,"N     ","AA    ",1999-01-22,4335200,20.7812,20.8594,20.2812,20.3125
013817101,"N     ","AA    ",1999-01-25,3823200,20.3125,20.8906,20.3125,20.7812
013817101,"N     ","AA    ",1999-01-26,2515600,20.7812,20.9062,20.5625,20.8125
013817101,"N     ","AA    ",1999-01-27,3413600,20.75,20.8125,20.3906,20.4531
013817101,"N     ","AA    ",1999-01-28,3373200,20.3438,21.0625,20.3438,20.9375
013817101,"N     ","AA    ",1999-01-29,2492400,20.9688,20.9688,20.6406,20.8906
013817101,"N     ","AA    ",1999-02-01,4514400,20.9062,21.0938,20.7188,20.7344
013817101,"N     ","AA    ",1999-02-02,3716400,20.4844,20.7188,20.3594,20.4531
013817101,"N     ","AA    ",1999-02-03,4604800,20.3906,20.875,20.3438,20.875
013817101,"N     ","AA    ",1999-02-04,6800000,20.8438,21.6875,20.7969,21.6719
013817101,"N     ","AA    ",1999-02-05,10006400,21.5625,22.5469,21.4531,22.375
013817101,"N     ","AA    ",1999-02-08,6676800,22.1875,22.3125,21.9375,22.125
013817101,"N     ","AA    ",1999-02-09,6275600,22.1562,22.3125,21.9688,22.0312
013817101,"N     ","AA    ",1999-02-10,4189600,21.7969,21.8125,21.5312,21.6562
013817101,"N     ","AA    ",1999-02-11,4129200,21.6562,21.75,21.5625,21.5938
013817101,"N     ","AA    ",1999-02-12,4876000,21.625,21.7969,21.0625,21.1719
013817101,"N     ","AA    ",1999-02-16,5436000,20.75,20.9844,20.2031,20.2188
013817101,"N     ","AA    ",1999-02-17,7298800,19.9062,20.125,19.7344,19.7812
013817101,"N     ","AA    ",1999-02-18,3309600,19.9531,20.5312,19.875,20.4844
013817101,"N     ","AA    ",1999-02-19,2482800,20.4219,20.9375,20.4062,20.75
013817101,"N     ","AA    ",1999-02-22,2572800,20.5781,20.9375,20.5625,20.7969
013817101,"N     ","AA    ",1999-02-23,2324800,20.7344,20.8125,20.5156,20.6875
013817101,"N     ","AA    ",1999-02-24,3300800,20.6875,20.9688,20.6562,20.75
013817101,"N     ","AA    ",1999-02-25,4468000,20.625,20.6875,20.3125,20.5498
013817101,"N     ","AA    ",1999-02-26,1821800,20.6875,20.6875,20,20.25
013817101,"N     ","AA    ",1999-03-01,3233000,20.25,20.7812,20.0938,20.6875
013817101,"N     ","AA    ",1999-03-02,2628600,20.7812,20.8438,19.625,19.8125
013817101,"N     ","AA    ",1999-03-03,5036400,19.875,19.875,19.0938,19.375
013817101,"N     ","AA    ",1999-03-04,7687200,18.5,19.5625,18.4688,19.5625
013817101,"N     ","AA    ",1999-03-05,3652000,20.3125,20.3125,19.625,20.0938
013817101,"N     ","AA    ",1999-03-08,2555000,19.5625,20.2188,19.5625,19.7812
013817101,"N     ","AA    ",1999-03-09,10320000,19.0938,19.4375,17.9688,18.9375
013817101,"N     ","AA    ",1999-03-10,5327000,18.875,19.5,18.5625,19.4375
013817101,"N     ","AA    ",1999-03-11,3439800,19.7188,20,19.0938,19.5
013817101,"N     ","AA    ",1999-03-12,6537400,19.5,19.5,18.125,18.6875
013817101,"N     ","AA    ",1999-03-15,5219400,18.875,19.4688,18.75,18.875
013817101,"N     ","AA    ",1999-03-16,3444200,19,19.125,18.4375,18.9062
013817101,"N     ","AA    ",1999-03-17,3953200,19.125,19.75,19.0625,19.625
013817101,"N     ","AA    ",1999-03-18,3300800,19.625,20.4375,19.5938,20.3125
013817101,"N     ","AA    ",1999-03-19,3315200,20.6562,21.1875,20.4062,21.1875
013817101,"N     ","AA    ",1999-03-22,2578200,21,21.375,20.6562,20.6875
013817101,"N     ","AA    ",1999-03-23,2575600,20.375,20.5,19.8125,20
013817101,"N     ","AA    ",1999-03-24,1915600,20.0625,20.9062,20.0312,20.5
013817101,"N     ","AA    ",1999-03-25,2447400,20.5,21.3438,20.4375,21.0625
013817101,"N     ","AA    ",1999-03-26,3138200,20.75,20.75,20.0938,20.25
013817101,"N     ","AA    ",1999-03-29,2204200,20.3125,21.0625,20.2812,20.9062
013817101,"N     ","AA    ",1999-03-30,2295800,20.5625,20.5938,19.875,20.3125
013817101,"N     ","AA    ",1999-03-31,3019000,20.375,20.7812,20.375,20.5938
013817101,"N     ","AA    ",1999-04-01,1832600,20.5938,20.625,20.3125,20.4375
013817101,"N     ","AA    ",1999-04-05,1587600,20.4688,20.5625,20.2812,20.375
013817101,"N     ","AA    ",1999-04-06,2433400,20.375,20.5938,20.125,20.5312
013817101,"N     ","AA    ",1999-04-07,4831200,21.75,22.0625,20.7812,22
013817101,"N     ","AA    ",1999-04-08,4580000,21.875,21.875,21.3125,21.5
013817101,"N     ","AA    ",1999-04-09,2509600,21.5938,21.9688,21.5,21.9062
013817101,"N     ","AA    ",1999-04-12,4515800,21.9062,22.75,21.8438,22.5312
013817101,"N     ","AA    ",1999-04-13,4617600,22.5,23.4375,22.0312,23.3438
013817101,"N     ","AA    ",1999-04-14,12245796,23.3125,27.1875,23.1875,26.625
013817101,"N     ","AA    ",1999-04-15,20624000,26.625,28.25,26.375,26.9062
013817101,"N     ","AA    ",1999-04-16,13392000,26.5,26.625,25.6562,26.3438
013817101,"N     ","AA    ",1999-04-19,9083204,26.6875,28.5,26.5625,27.3438
013817101,"N     ","AA    ",1999-04-20,7467600,27,27.0312,26.0938,26.4375
013817101,"N     ","AA    ",1999-04-21,4555400,26.5625,26.9062,26.25,26.3125
013817101,"N     ","AA    ",1999-04-22,3857000,26.375,27.4688,26.3125,26.75
013817101,"N     ","AA    ",1999-04-23,2969200,26.3125,27.2188,26.3125,27
013817101,"N     ","AA    ",1999-04-26,2290600,26.9375,26.9688,26.375,26.625
013817101,"N     ","AA    ",1999-04-27,5117600,26.625,28.1562,26.625,27.6875
013817101,"N     ","AA    ",1999-04-28,13105398,28,31.6562,27.9062,31
013817101,"N     ","AA    ",1999-04-29,14055204,31.0312,32.8125,31.0312,32.3438
013817101,"N     ","AA    ",1999-04-30,9059398,32.25,32.5,30.625,31.125
013817101,"N     ","AA    ",1999-05-03,5236000,31.125,31.5,30.2188,30.375
013817101,"N     ","AA    ",1999-05-04,7935000,30.25,31.375,30.1875,30.6562
013817101,"N     ","AA    ",1999-05-05,5033000,30.625,30.625,29.875,30.0938
013817101,"N     ","AA    ",1999-05-06,4631200,30.0625,31.875,29.625,31.875
013817101,"N     ","AA    ",1999-05-07,4395600,31.4375,32.125,31.0625,31.9375
013817101,"N     ","AA    ",1999-05-10,5921800,31.9062,33.0625,31.875,32.5312
013817101,"N     ","AA    ",1999-05-11,5904600,33.4375,33.4688,32.0625,32.5312
013817101,"N     ","AA    ",1999-05-12,4321600,32.0312,32.25,31.4062,31.4062
013817101,"N     ","AA    ",1999-05-13,3092200,31.3125,31.4375,30.9062,31
013817101,"N     ","AA    ",1999-05-14,3517400,30.75,31.9375,30.5938,31.25
013817101,"N     ","AA    ",1999-05-17,3046000,31.75,31.8125,30.9062,31.5625
013817101,"N     ","AA    ",1999-05-18,2849000,31.3125,31.3438,30.25,30.625
013817101,"N     ","AA    ",1999-05-19,3923800,30.4375,31.1875,30.3125,30.5
013817101,"N     ","AA    ",1999-05-20,3493400,30.25,30.5938,29,29.1562
013817101,"N     ","AA    ",1999-05-21,3475000,29.5625,30.2188,29.4375,29.9688
013817101,"N     ","AA    ",1999-05-24,3255200,29.5,30.6562,29.5,30.1562
013817101,"N     ","AA    ",1999-05-25,3219400,30.0312,30.1875,28.375,28.4062
013817101,"N     ","AA    ",1999-05-26,3932800,28.4062,29.5,28.2812,28.8125
013817101,"N     ","AA    ",1999-05-27,5006600,28.75,28.75,27.9375,28.3125
013817101,"N     ","AA    ",1999-05-28,4617600,28.125,28.25,27.2188,27.5
013817101,"N     ","AA    ",1999-06-01,5785800,28.5,30.0312,28.25,29.9375
013817101,"N     ","AA    ",1999-06-02,3385800,29.75,29.9062,29.1562,29.625
013817101,"N     ","AA    ",1999-06-03,2281600,29.5938,30.1562,29.4375,29.9062
013817101,"N     ","AA    ",1999-06-04,1742200,29.8438,30.9688,29.8125,30.9688
013817101,"N     ","AA    ",1999-06-07,2162800,30.25,30.8125,30.25,30.5312
013817101,"N     ","AA    ",1999-06-08,2113200,30.6562,31.6562,30.5,31.5312
013817101,"N     ","AA    ",1999-06-09,2956400,31.5312,31.875,31.2812,31.5
013817101,"N     ","AA    ",1999-06-10,4242200,31.5312,32.6875,31.5,32.375
013817101,"N     ","AA    ",1999-06-11,3511200,32.375,32.4062,31.1875,31.5
013817101,"N     ","AA    ",1999-06-14,2921000,31.375,32.5312,31.375,32.5
013817101,"N     ","AA    ",1999-06-15,2785400,32.5,32.625,32.0312,32.3438
013817101,"N     ","AA    ",1999-06-16,3765000,32.2188,32.625,31.875,32.4688
013817101,"N     ","AA    ",1999-06-17,3380400,32.4688,33.6875,32.4688,33.6875
013817101,"N     ","AA    ",1999-06-18,4656400,33.7812,33.9688,33.2812,33.7812
013817101,"N     ","AA    ",1999-06-21,4058800,33.7188,33.75,31.3125,31.6875
013817101,"N     ","AA    ",1999-06-22,3111600,31.5625,31.5938,30.8125,31.125
013817101,"N     ","AA    ",1999-06-23,3460600,30.9375,31,30.3438,30.9062
013817101,"N     ","AA    ",1999-06-24,4072600,30.875,31.7188,30.0312,30.1875
013817101,"N     ","AA    ",1999-06-25,2826000,30.5625,31.5,30.5625,31.3125
013817101,"N     ","AA    ",1999-06-28,3103600,31.625,32.625,31.5,31.625
013817101,"N     ","AA    ",1999-06-29,1951200,31.625,31.625,30.9688,31.4688
013817101,"N     ","AA    ",1999-06-30,2894600,31.5,32,30.9375,30.9375
013817101,"N     ","AA    ",1999-07-01,3544600,31.0625,31.7188,30.5,31.4688
013817101,"N     ","AA    ",1999-07-02,2537400,31.0312,31.4062,30.75,31.375
013817101,"N     ","AA    ",1999-07-06,4913200,31.5,32.9688,31.5,31.875
013817101,"N     ","AA    ",1999-07-07,6541200,30.5,31.1562,30.25,30.6875
013817101,"N     ","AA    ",1999-07-08,4440000,30.625,31.5625,30.625,31.2188
013817101,"N     ","AA    ",1999-07-09,3288800,31.2188,31.8438,31.1875,31.3125
013817101,"N     ","AA    ",1999-07-12,2083600,31.4375,31.5312,30.7812,31.0938
013817101,"N     ","AA    ",1999-07-13,3482000,30.8438,31.0625,30.6562,31.0312
013817101,"N     ","AA    ",1999-07-14,3632400,31.0312,31.1875,30.75,30.9062
013817101,"N     ","AA    ",1999-07-15,3470600,30.75,30.7812,30.25,30.375
013817101,"N     ","AA    ",1999-07-16,5368400,31.375,31.4375,30.5312,30.5312
013817101,"N     ","AA    ",1999-07-19,2445800,30.6875,30.8438,30.2812,30.5
013817101,"N     ","AA    ",1999-07-20,2016800,30.25,30.6562,29.5625,30.2188
013817101,"N     ","AA    ",1999-07-21,1622800,30,30.5,29.8125,30.0625
013817101,"N     ","AA    ",1999-07-22,2234800,30.0938,30.8438,29.8438,30.75
013817101,"N     ","AA    ",1999-07-23,2532400,30.75,31.0625,29.75,29.75
013817101,"N     ","AA    ",1999-07-26,2070600,29.5,30.2188,29.25,29.3125
013817101,"N     ","AA    ",1999-07-27,3440800,29.375,30.625,29.375,30.3125
013817101,"N     ","AA    ",1999-07-28,1857600,30.125,30.8125,29.875,30.75
013817101,"N     ","AA    ",1999-07-29,1595200,30.25,30.4375,29.875,30.0938
013817101,"N     ","AA    ",1999-07-30,2109000,30,30.0938,29.5625,29.9375
013817101,"N     ","AA    ",1999-08-02,1790400,30.0938,30.875,29.8125,30.7188
013817101,"N     ","AA    ",1999-08-03,2076800,30.7188,31.2188,30.5,31.0938
013817101,"N     ","AA    ",1999-08-04,3546400,30.9375,32.5938,30.9375,32
013817101,"N     ","AA    ",1999-08-05,2992000,31.9688,32.0625,31.5312,31.6562
013817101,"N     ","AA    ",1999-08-06,2123600,31.6562,31.8438,31.0938,31.3125
013817101,"N     ","AA    ",1999-08-09,2247400,31.2188,33,31.2188,32.8125
013817101,"N     ","AA    ",1999-08-10,5048400,32.0625,33.5938,32.0625,33.2188
013817101,"N     ","AA    ",1999-08-11,8251796,33,35.0312,32.5,34.6875
013817101,"N     ","AA    ",1999-08-12,7085800,34.75,35.4375,33.8438,33.875
013817101,"N     ","AA    ",1999-08-13,5335400,33.875,33.875,32.9375,33.25
013817101,"N     ","AA    ",1999-08-16,2837200,33.5,33.5,32.9375,33.4375
013817101,"N     ","AA    ",1999-08-17,2313800,33.4375,33.5312,33.25,33.375
013817101,"N     ","AA    ",1999-08-18,2258000,33.375,33.6875,33.0625,33.4375
013817101,"N     ","AA    ",1999-08-19,7164600,32.75,32.9062,32.1875,32.5938
013817101,"N     ","AA    ",1999-08-20,5627400,32.625,34,32.5938,33.8438
013817101,"N     ","AA    ",1999-08-23,2974600,33.8438,33.875,33,33.0625
013817101,"N     ","AA    ",1999-08-24,3660400,32.6562,32.9375,31.625,32.5312
013817101,"N     ","AA    ",1999-08-25,3485400,32.7188,32.7188,31.625,31.7812
013817101,"N     ","AA    ",1999-08-26,2233400,31.7812,32.125,31.5,31.5938
013817101,"N     ","AA    ",1999-08-27,2374400,31.5938,32,31.25,31.9062
013817101,"N     ","AA    ",1999-08-30,2883800,31.7812,32.375,31.7812,32.0625
013817101,"N     ","AA    ",1999-08-31,3597800,32.125,32.5,31.9375,32.2812
013817101,"N     ","AA    ",1999-09-01,1784800,32.375,32.4062,31.9375,32.375
013817101,"N     ","AA    ",1999-09-02,1807400,32,32.3125,31.6562,32.1562
013817101,"N     ","AA    ",1999-09-03,1306200,32.4375,32.6875,32.0625,32.1562
013817101,"N     ","AA    ",1999-09-07,2765400,32.1562,32.625,32.1562,32.5
013817101,"N     ","AA    ",1999-09-08,2273000,32.5,32.8125,32.375,32.75
013817101,"N     ","AA    ",1999-09-09,1623000,32.625,32.9688,32.5938,32.8125
013817101,"N     ","AA    ",1999-09-10,1964800,32.7812,33.125,32.6562,32.9062
013817101,"N     ","AA    ",1999-09-13,1332400,32.7188,32.75,32.4062,32.6875
013817101,"N     ","AA    ",1999-09-14,2338200,32.5625,32.7812,32.4375,32.6875
013817101,"N     ","AA    ",1999-09-15,2181200,32.7188,32.7812,32.25,32.5938
013817101,"N     ","AA    ",1999-09-16,2700600,32.5,32.5625,31.9062,32
013817101,"N     ","AA    ",1999-09-17,2955000,32.75,32.75,32.4062,32.75
013817101,"N     ","AA    ",1999-09-20,1756800,32.5625,32.6562,32.2812,32.4688
013817101,"N     ","AA    ",1999-09-21,3157600,32.4688,32.4688,31.0625,31.2188
013817101,"N     ","AA    ",1999-09-22,3471800,31.25,31.4688,30.7188,31
013817101,"N     ","AA    ",1999-09-23,1698800,30.9688,30.9688,30.2812,30.3125
013817101,"N     ","AA    ",1999-09-24,2448400,30.3125,30.3438,29.3125,29.9375
013817101,"N     ","AA    ",1999-09-27,3297600,30,30.7812,29.7344,30.5625
013817101,"N     ","AA    ",1999-09-28,2744400,30.5625,30.8438,30.125,30.4375
013817101,"N     ","AA    ",1999-09-29,1823200,30.4688,30.75,30.2812,30.5312
013817101,"N     ","AA    ",1999-09-30,3526200,30.5312,31.3125,30.2812,31.0312
013817101,"N     ","AA    ",1999-10-01,1623400,31.1562,31.2188,30.0625,30.125
013817101,"N     ","AA    ",1999-10-04,2394600,30.2188,31.1875,30.0625,31.1875
013817101,"N     ","AA    ",1999-10-05,2789800,31.1562,32.0625,30.9688,32.0625
013817101,"N     ","AA    ",1999-10-06,7896400,31.75,31.7812,29.875,31
013817101,"N     ","AA    ",1999-10-07,4625400,30.125,30.875,30,30.8125
013817101,"N     ","AA    ",1999-10-08,2652000,30.75,30.875,30.2188,30.8125
013817101,"N     ","AA    ",1999-10-11,2187400,30.8125,31.6875,30.6562,31.5
013817101,"N     ","AA    ",1999-10-12,1906600,31.2812,31.3125,30.9062,31.0938
013817101,"N     ","AA    ",1999-10-13,2301000,31.125,31.1562,30.4375,30.4688
013817101,"N     ","AA    ",1999-10-14,2096200,30.625,30.9062,29.9375,30.75
013817101,"N     ","AA    ",1999-10-15,2316200,30.3125,31.0938,30,30.75
013817101,"N     ","AA    ",1999-10-18,1773400,30.5625,31.0312,30.4375,30.5312
013817101,"N     ","AA    ",1999-10-19,2183400,30.6562,30.875,30.25,30.5
013817101,"N     ","AA    ",1999-10-20,1733000,30.625,31.4688,30.3125,31.2188
013817101,"N     ","AA    ",1999-10-21,1809000,31.2188,31.25,30.6562,31.2188
013817101,"N     ","AA    ",1999-10-22,1323400,31.4062,31.5,31.1562,31.4062
013817101,"N     ","AA    ",1999-10-25,1976000,31.2812,31.8438,31.1875,31.3125
013817101,"N     ","AA    ",1999-10-26,2940800,31.4062,31.75,30.5938,30.5938
013817101,"N     ","AA    ",1999-10-27,3264800,30.875,30.9062,28.875,29.3438
013817101,"N     ","AA    ",1999-10-28,4677400,30,30,28.875,29
013817101,"N     ","AA    ",1999-10-29,6247600,29,30.4062,28.625,30.375
013817101,"N     ","AA    ",1999-11-01,3606600,30.5,30.9375,30.2812,30.5312
013817101,"N     ","AA    ",1999-11-02,2431800,30.5,31,30.4062,30.4062
013817101,"N     ","AA    ",1999-11-03,2068400,30.625,30.6875,29.8125,29.8438
013817101,"N     ","AA    ",1999-11-04,1993800,29.9375,30.0312,29.5625,29.875
013817101,"N     ","AA    ",1999-11-05,2431800,30.75,30.8125,30.1562,30.5938
013817101,"N     ","AA    ",1999-11-08,3610800,30.5312,30.6875,29.0312,29.9375
013817101,"N     ","AA    ",1999-11-09,2411000,30.0625,30.3438,29.625,30.0312
013817101,"N     ","AA    ",1999-11-10,2007200,30,30,29.5312,29.7812
013817101,"N     ","AA    ",1999-11-11,2063400,30.0625,30.5938,30.0625,30.4375
013817101,"N     ","AA    ",1999-11-12,2576000,30.8125,31.2812,30.5,31.1562
013817101,"N     ","AA    ",1999-11-15,3080000,31.125,32.0625,31,31.9688
013817101,"N     ","AA    ",1999-11-16,2801000,32.0938,32.1875,31.5,31.7188
013817101,"N     ","AA    ",1999-11-17,3194000,31.5938,31.6875,31.25,31.3438
013817101,"N     ","AA    ",1999-11-18,2207400,31.6875,31.6875,31.0938,31.3125
013817101,"N     ","AA    ",1999-11-19,2388800,31.75,32,31.4062,31.9062
013817101,"N     ","AA    ",1999-11-22,3583600,31.9062,32.5,31.6562,32.3125
013817101,"N     ","AA    ",1999-11-23,4458600,32.3125,32.875,32.25,32.5625
013817101,"N     ","AA    ",1999-11-24,2852800,32.375,32.375,31.875,32.25
013817101,"N     ","AA    ",1999-11-26,1129800,32.75,32.8438,32.5625,32.625
013817101,"N     ","AA    ",1999-11-29,3083600,32.5625,32.625,32.3438,32.5
013817101,"N     ","AA    ",1999-11-30,4341800,32.5,32.9375,32.4688,32.75
013817101,"N     ","AA    ",1999-12-01,4285800,33.5,33.5,32.7812,33.4062
013817101,"N     ","AA    ",1999-12-02,5377200,33.625,35.375,33.5938,35.0312
013817101,"N     ","AA    ",1999-12-03,7656800,35.3125,35.625,34.9375,35.5938
013817101,"N     ","AA    ",1999-12-06,5080600,35.8125,36.75,35.7812,35.8125
013817101,"N     ","AA    ",1999-12-07,3639800,35.75,36.7188,35.5938,36.4062
013817101,"N     ","AA    ",1999-12-08,3868600,36.375,36.375,35.6562,35.8809
013817101,"N     ","AA    ",1999-12-09,4116200,36.0625,36.75,35.9375,36.6875
013817101,"N     ","AA    ",1999-12-10,5631400,37,38.4375,36.875,37.9375
013817101,"N     ","AA    ",1999-12-13,4148200,37.4375,38.25,37.4375,37.875
013817101,"N     ","AA    ",1999-12-14,5739800,37.6875,38.5312,37.125,37.3438
013817101,"N     ","AA    ",1999-12-15,6010200,37.3438,39.5312,36.8438,39.5
