iRECORD_ID,iCIK,iCUSIP,iPERIOD_END,iFILING_DATE,iAMEND,iRESTATEMENT,iTYPE,iQTY,iMARKET_VALUE,iLONG_FRACTION
4443748,0000216235,055622104,1999-09-30,2000-01-03,0,0,0,28287,3134550,0.00928201
4443749,0000216235,020039103,1999-09-30,2000-01-03,0,0,0,79199,5690620,0.016851
4443750,0000216235,713448108,1999-09-30,2000-01-03,0,0,0,186140,5795950,0.0171629
4443751,0000216235,002824100,1999-09-30,2000-01-03,0,0,0,169555,6290420,0.0186272
4443752,0000216235,05964H105,1999-09-30,2000-01-03,0,0,0,16897,174250,0.000515988
4443753,0000216235,29476L107,1999-09-30,2000-01-03,0,0,0,39113,1657430,0.00490797
4443754,0000216235,031162100,1999-09-30,2000-01-03,0,0,0,99039,8071680,0.0239018
4443755,0000216235,345370100,1999-09-30,2000-01-03,0,0,0,105859,3349770,0.00991932
4443756,0000216235,812387108,1999-09-30,2000-01-03,0,0,0,88107,2764360,0.00818581
4443757,0000216235,205887102,1999-09-30,2000-01-03,0,0,0,157085,3544230,0.0104952
4443758,0000216235,369604103,1999-09-30,2000-01-03,0,0,0,17926,2125410,0.00629375
4443759,0000216235,302290101,1999-09-30,2000-01-03,0,0,0,5397,410174,0.00121461
4443760,0000216235,693506107,1999-09-30,2000-01-03,0,0,0,121603,7392810,0.0218916
4443761,0000216235,G90076103,1999-09-30,2000-01-03,0,0,0,190489,6003550,0.0177777
4443762,0000216235,459506101,1999-09-30,2000-01-03,0,0,0,21662,747342,0.00221303
4443763,0000216235,048825103,1999-09-30,2000-01-03,0,0,0,87674,7895630,0.0233805
4443764,0000216235,285661104,1999-09-30,2000-01-03,0,0,0,122541,6702650,0.0198479
4443765,0000216235,026874107,1999-09-30,2000-01-03,0,0,0,104905,9223290,0.027312
4443766,0000216235,011659109,1999-09-30,2000-01-03,0,0,0,46500,1891970,0.00560249
4443767,0000216235,05564E106,1999-09-30,2000-01-03,0,0,0,252006,6144430,0.0181949
4443768,0000216235,427866108,1999-09-30,2000-01-03,0,0,0,42867,2173510,0.00643619
4443769,0000216235,494368103,1999-09-30,2000-01-03,0,0,0,4483,236478,0.000700257
4443770,0000216235,026609107,1999-09-30,2000-01-03,0,0,0,120288,4682170,0.0138648
4443771,0000216235,143658102,1999-09-30,2000-01-03,0,0,0,202208,8914870,0.0263987
4443772,0000216235,053015103,1999-09-30,2000-01-03,0,0,0,169562,7684310,0.0227547
4443773,0000216235,156700106,1999-09-30,2000-01-03,0,0,0,290731,12234900,0.0362299
4443774,0000216235,984121103,1999-09-30,2000-01-03,0,0,0,134687,5751230,0.0170305
4443775,0000216235,362320103,1999-09-30,2000-01-03,0,0,0,96468,7544480,0.0223407
4443776,0000216235,247126105,1999-09-30,2000-01-03,0,0,0,12501,200790,0.000594578
4443777,0000216235,370334104,1999-09-30,2000-01-03,0,0,0,2620,212548,0.000629396
4443778,0000216235,962166104,1999-09-30,2000-01-03,0,0,0,4450,256431,0.000759342
4443779,0000216235,607059102,1999-09-30,2000-01-03,0,0,0,66044,6773260,0.0200569
4443780,0000216235,209615103,1999-09-30,2000-01-03,0,0,0,51967,3241430,0.00959851
4443781,0000216235,423074103,1999-09-30,2000-01-03,0,0,0,203157,8854870,0.026221
4443782,0000216235,806857108,1999-09-30,2000-01-03,0,0,0,12380,771404,0.00228428
4443783,0000216235,928662303,1999-09-30,2000-01-03,0,0,0,10535,117202,0.000347058
4443784,0000216235,191216100,1999-09-30,2000-01-03,0,0,0,26214,1264830,0.00374541
4443785,0000216235,313586109,1999-09-30,2000-01-03,0,0,0,120653,7689190,0.0227692
4443786,0000216235,604059105,1999-09-30,2000-01-03,0,0,0,97872,9525830,0.0282078
4443787,0000216235,025816109,1999-09-30,2000-01-03,0,0,0,80040,10965900,0.0324722
4443788,0000216235,413619107,1999-09-30,2000-01-03,0,0,0,63055,1749780,0.00518144
4443789,0000216235,149123101,1999-09-30,2000-01-03,0,0,0,53246,2918520,0.00864231
4443790,0000216235,55268B106,1999-09-30,2000-01-03,0,0,0,101225,7388800,0.0218797
4443791,0000216235,716941109,1999-09-30,2000-01-03,0,0,0,172499,8670020,0.0256736
4443792,0000216235,589331107,1999-09-30,2000-01-03,0,0,0,115999,7639480,0.022622
4443793,0000216235,337358105,1999-09-30,2000-01-03,0,0,0,154019,4794190,0.0141965
4443794,0000216235,133131102,1999-09-30,2000-01-03,0,0,0,98767,2654360,0.00786008
4443795,0000216235,013104104,1999-09-30,2000-01-03,0,0,0,106517,4307150,0.0127543
4443796,0000216235,260543103,1999-09-30,2000-01-03,0,0,0,3445,391438,0.00115912
4443797,0000216235,338915101,1999-09-30,2000-01-03,0,0,0,249702,9253170,0.0274004
4443798,0000216235,742718109,1999-09-30,2000-01-03,0,0,0,2565,240469,0.000712076
4443799,0000216235,364760108,1999-09-30,2000-01-03,0,0,0,69853,2235280,0.0066191
4443800,0000216235,06423A103,1999-09-30,2000-01-03,0,0,0,38400,1336800,0.00395853
4443801,0000216235,458140100,1999-09-30,2000-01-03,0,0,0,134222,10133400,0.030007
4443802,0000216235,635405103,1999-09-30,2000-01-03,0,0,0,40980,1189330,0.00352184
4443803,0000216235,616880100,1999-09-30,2000-01-03,0,0,0,24460,2794610,0.00827539
4443804,0000216235,205363104,1999-09-30,2000-01-03,0,0,0,32010,2250700,0.00666476
4443805,0000216235,077853109,1999-09-30,2000-01-03,0,0,0,55410,3729770,0.0110446
4443806,0000216235,254687106,1999-09-30,2000-01-03,0,0,0,74634,1940480,0.00574614
4443807,0000216235,071813109,1999-09-30,2000-01-03,0,0,0,19530,1176690,0.00348441
4443808,0000216235,375766102,1999-09-30,2000-01-03,0,0,0,121696,4450500,0.0131788
4443809,0000216235,371901109,1999-09-30,2000-01-03,0,0,0,62180,1284410,0.00380339
4443810,0000216235,585509102,1999-09-30,2000-01-03,0,0,0,35764,1202550,0.00356098
4443811,0000216235,277461109,1999-09-30,2000-01-03,0,0,0,47568,3597290,0.0106523
4443812,0000216235,370442105,1999-09-30,2000-01-03,0,0,0,73388,2139420,0.00633524
4443813,0000216235,339324402,1999-09-30,2000-01-03,0,0,0,19075,81069,0.000240061
4443814,0000216235,382550101,1999-09-30,2000-01-03,0,0,0,9370,450931,0.00133529
4443815,0000216235,364730101,1999-09-30,2000-01-03,0,0,0,84244,5945160,0.0176048
4443816,0000216235,655844108,1999-09-30,2000-01-03,0,0,0,134050,3284220,0.00972521
4443817,0000216235,110122108,1999-09-30,2000-01-03,0,0,0,37206,2511400,0.00743674
4443818,0000216235,693475105,1999-09-30,2000-01-03,0,0,0,156718,8390390,0.0248456
4443819,0000216235,478160104,1999-09-30,2000-01-03,0,0,0,66790,6256850,0.0185278
4443820,0000216235,17275R102,1999-09-30,2000-01-03,0,0,0,30230,2072640,0.00613749
4443821,0000216235,833034101,1999-09-30,2000-01-03,0,0,0,199270,6607110,0.0195649
4443822,0000216235,166751107,1999-09-30,2000-01-03,0,0,0,31204,2769350,0.00820058
4443823,0000216235,488360108,1999-09-30,2000-01-03,0,0,0,46460,1485270,0.00439817
4443824,0000216235,025537101,1999-09-30,2000-01-03,0,0,0,36388,1318040,0.00390297
4443825,0000216235,950590109,1999-09-30,2000-01-03,0,0,0,190050,5125880,0.0151787
4443826,0000216235,291011104,1999-09-30,2000-01-03,0,0,0,59205,3722060,0.0110217
4443827,0000216235,534187109,1999-09-30,2000-01-03,0,0,0,108400,4163000,0.0123275
4443828,0000216235,81760N109,1999-09-30,2000-01-03,0,0,0,62344,1001400,0.00296534
4443829,0000216235,718154107,1999-09-30,2000-01-03,0,0,0,138234,4725890,0.0139943
4443830,0000216235,08658U101,1999-09-30,2000-01-03,0,0,0,4450,216103,0.000639923
4443831,0001044330,079860102,1999-12-31,2000-01-03,0,0,0,85224,2863,0.00826244
4443832,0001044330,852061100,1999-12-31,2000-01-03,0,0,0,3780,227,0.000655108
4443833,0001044330,291345106,1999-12-31,2000-01-03,0,0,0,11000,330,0.000952359
4443834,0001044330,031162100,1999-12-31,2000-01-03,0,0,0,8834,464,0.00133907
4443835,0001044330,693506107,1999-12-31,2000-01-03,0,0,0,7583,329,0.000949473
4443836,0001044330,753329AB7,1999-12-31,2000-01-03,0,0,0,28900,0,0
4443837,0001044330,01855A101,1999-12-31,2000-01-03,0,0,0,11600,275,0.000793632
4443838,0001044330,55262L100,1999-12-31,2000-01-03,0,0,0,41050,1075,0.00310238
4443839,0001044330,784646200,1999-12-31,2000-01-03,0,0,0,45100,822,0.00237224
4443840,0001044330,013817101,1999-12-31,2000-01-03,0,0,0,22996,1858,0.00536207
4443841,0001044330,026874107,1999-12-31,2000-01-03,0,0,0,66509,6565,0.0189462
4443842,0001044330,349631101,1999-12-31,2000-01-03,0,0,0,6142,161,0.000464636
4443843,0001044330,532457108,1999-12-31,2000-01-03,0,0,0,21289,1158,0.00334191
4443844,0001044330,026609107,1999-12-31,2000-01-03,0,0,0,245818,4554,0.0131426
4443845,0001044330,302290101,1999-12-31,2000-01-03,0,0,0,11112,881,0.00254251
4443846,0001044330,247025109,1999-12-31,2000-01-03,0,0,0,15115,650,0.00187586
4443847,0001044330,934488107,1999-12-31,2000-01-03,0,0,0,40877,979,0.00282533
4443848,0001044330,682419106,1999-12-31,2000-01-03,0,0,0,70126,389,0.00112263
4443849,0001044330,084670108,1999-12-31,2000-01-03,0,0,0,16,897,0.00258868
4443850,0001044330,37733W105,1999-12-31,2000-01-03,0,0,0,4500,22,0.0000634906
4443851,0001044330,423074103,1999-12-31,2000-01-03,0,0,0,6267,38,0.000109666
4443852,0001044330,806857108,1999-12-31,2000-01-03,0,0,0,61965,3155,0.00910513
4443853,0001044330,969457100,1999-12-31,2000-01-03,0,0,0,10260,298,0.000860009
4443854,0001044330,291011104,1999-12-31,2000-01-03,0,0,0,7114,362,0.00104471
4443855,0001044330,620076109,1999-12-31,2000-01-03,0,0,0,7318,665,0.00191915
4443856,0001044330,278058102,1999-12-31,2000-01-03,0,0,0,3950,127,0.000366514
4443857,0001044330,316773100,1999-12-31,2000-01-03,0,0,0,15390,1031,0.0029754
4443858,0001044330,92857T107,1999-12-31,2000-01-03,0,0,0,36818,1118,0.00322648
4443859,0001044330,090597105,1999-12-31,2000-01-03,0,0,0,15802,1254,0.00361896
4443860,0001044330,78387G103,1999-12-31,2000-01-03,0,0,0,98857,3018,0.00870976
4443861,0001044330,071813109,1999-12-31,2000-01-03,0,0,0,3700,100,0.000288594
4443862,0001044330,437076102,1999-12-31,2000-01-03,0,0,0,27776,1015,0.00292923
4443863,0001044330,993000058,1999-12-31,2000-01-03,0,0,0,6275,343,0.000989876
4443864,0001044330,852061506,1999-12-31,2000-01-03,0,0,0,46878,4618,0.0133273
4443865,0001044330,880591409,1999-12-31,2000-01-03,0,0,0,10000,124,0.000357856
4443866,0001044330,780257804,1999-12-31,2000-01-03,0,0,0,5200,314,0.000906184
4443867,0001044330,929771103,1999-12-31,2000-01-03,0,0,0,6380,386,0.00111397
4443868,0001044330,844741108,1999-12-31,2000-01-03,0,0,0,13815,222,0.000640678
4443869,0001044330,881694103,1999-12-31,2000-01-03,0,0,0,28654,1088,0.0031399
4443870,0001044330,263534109,1999-12-31,2000-01-03,0,0,0,53871,1314,0.00379212
4443871,0001044330,620074203,1999-12-31,2000-01-03,0,0,0,53250,954,0.00275318
4443872,0001044330,219350105,1999-12-31,2000-01-03,0,0,0,46679,5815,0.0167817
4443873,0001044330,126408103,1999-12-31,2000-01-03,0,0,0,24774,482,0.00139102
4443874,0001044330,604059105,1999-12-31,2000-01-03,0,0,0,35756,1760,0.00507925
4443875,0001044330,001957109,1999-12-31,2000-01-03,0,0,0,85555,2287,0.00660014
4443876,0001044330,345370100,1999-12-31,2000-01-03,0,0,0,6680,248,0.000715712
4443877,0001044330,281020107,1999-12-31,2000-01-03,0,0,0,10580,208,0.000600275
4443878,0001044330,285661104,1999-12-31,2000-01-03,0,0,0,3540,46,0.000132753
4443879,0001044330,460690100,1999-12-31,2000-01-03,0,0,0,4514,150,0.00043289
4443880,0001044330,060505104,1999-12-31,2000-01-03,0,0,0,56339,2550,0.00735914
4443881,0001044330,64156L101,1999-12-31,2000-01-03,0,0,0,18000,7,0.0000202016
4443882,0001044330,460146103,1999-12-31,2000-01-03,0,0,0,7441,106,0.000305909
4443883,0001044330,077853109,1999-12-31,2000-01-03,0,0,0,61942,2266,0.00653953
4443884,0001044330,369604103,1999-12-31,2000-01-03,0,0,0,225083,16730,0.0482817
4443885,0001044330,928444108,1999-12-31,2000-01-03,0,0,0,3494,276,0.000796518
4443886,0001044330,617446240,1999-12-31,2000-01-03,0,0,0,15000,120,0.000346312
4443887,0001044330,713448108,1999-12-31,2000-01-03,0,0,0,38250,786,0.00226835
4443888,0001044330,209615103,1999-12-31,2000-01-03,0,0,0,32398,1497,0.00432025
4443889,0001044330,993001486,1999-12-31,2000-01-03,0,0,0,43755,2975,0.00858566
4443890,0001044330,628530107,1999-12-31,2000-01-03,0,0,0,10454,243,0.000701283
4443891,0001044330,191216100,1999-12-31,2000-01-03,0,0,0,27680,429,0.00123807
4443892,0001044330,125509109,1999-12-31,2000-01-03,0,0,0,3450,277,0.000799404
4443893,0001044330,590188108,1999-12-31,2000-01-03,0,0,0,3825,210,0.000606047
4443894,0001044330,55268B106,1999-12-31,2000-01-03,0,0,0,99222,4725,0.013636
4443895,0001044330,882508104,1999-12-31,2000-01-03,0,0,0,23600,2153,0.00621342
4443896,0001044330,993000140,1999-12-31,2000-01-03,0,0,0,72000,297,0.000857123
4443897,0001044330,06423A103,1999-12-31,2000-01-03,0,0,0,111421,777,0.00224237
4443898,0001044330,589331107,1999-12-31,2000-01-03,0,0,0,100147,4227,0.0121989
4443899,0001044330,68389X105,1999-12-31,2000-01-03,0,0,0,59367,5663,0.0163431
4443900,0001044330,177835105,1999-12-31,2000-01-03,0,0,0,24240,256,0.0007388
4443901,0001044330,362320103,1999-12-31,2000-01-03,0,0,0,19172,1141,0.00329285
4443902,0001044330,59021G204,1999-12-31,2000-01-03,0,0,0,14000,178,0.000513697
4443903,0001044330,91273H101,1999-12-31,2000-01-03,0,0,0,9682,510,0.00147183
4443904,0001044330,268648102,1999-12-31,2000-01-03,0,0,0,3885,180,0.000519469
4443905,0001044330,00724F101,1999-12-31,2000-01-03,0,0,0,21995,1450,0.00418461
4443906,0001044330,258609304,1999-12-31,2000-01-03,0,0,0,1002,253,0.000730142
4443907,0001044330,456866102,1999-12-31,2000-01-03,0,0,0,5130,44,0.000126981
4443908,0001044330,370442105,1999-12-31,2000-01-03,0,0,0,14015,559,0.00161324
4443909,0001044330,16161A108,1999-12-31,2000-01-03,0,0,0,3726,38,0.000109666
4443910,0001044330,880591201,1999-12-31,2000-01-03,0,0,0,11775,248,0.000715712
4443911,0001044330,203564109,1999-12-31,2000-01-03,0,0,0,60075,811,0.00234049
4443912,0001044330,110122108,1999-12-31,2000-01-03,0,0,0,351998,11955,0.0345014
4443913,0001044330,12490K107,1999-12-31,2000-01-03,0,0,0,13335,466,0.00134485
4443914,0001044330,172967101,1999-12-31,2000-01-03,0,0,0,185912,9003,0.0259821
4443915,0001044330,718154107,1999-12-31,2000-01-03,0,0,0,44916,769,0.00221928
4443916,0001044330,293561106,1999-12-31,2000-01-03,0,0,0,65336,2724,0.00786129
4443917,0001044330,369905104,1999-12-31,2000-01-03,0,0,0,10300,4,0.0000115437
4443918,0001044330,035229103,1999-12-31,2000-01-03,0,0,0,13400,85,0.000245305
4443919,0001044330,002824100,1999-12-31,2000-01-03,0,0,0,75606,738,0.00212982
4443920,0001044330,616880100,1999-12-31,2000-01-03,0,0,0,2365,188,0.000542556
4443921,0001044330,989701107,1999-12-31,2000-01-03,0,0,0,16964,977,0.00281956
4443922,0001044330,617446448,1999-12-31,2000-01-03,0,0,0,18539,2367,0.00683101
4443923,0001044330,902124106,1999-12-31,2000-01-03,0,0,0,57049,1441,0.00415863
4443924,0001044330,58440J104,1999-12-31,2000-01-03,0,0,0,10506,637,0.00183834
4443925,0001044330,69332S201,1999-12-31,2000-01-03,0,0,0,9105,1292,0.00372863
4443926,0001044330,370120107,1999-12-31,2000-01-03,0,0,0,9958,718,0.0020721
4443927,0001044330,871829107,1999-12-31,2000-01-03,0,0,0,5456,215,0.000620476
4443928,0001044330,993001510,1999-12-31,2000-01-03,0,0,0,347,477,0.00137659
4443929,0001044330,717081103,1999-12-31,2000-01-03,0,0,0,86222,2369,0.00683678
4443930,0001044330,053015103,1999-12-31,2000-01-03,0,0,0,20500,156,0.000450206
4443931,0001044330,30231G102,1999-12-31,2000-01-03,0,0,0,280747,11923,0.034409
4443932,0001044330,984121103,1999-12-31,2000-01-03,0,0,0,17555,150,0.00043289
4443933,0001044330,37245X104,1999-12-31,2000-01-03,0,0,0,12175,127,0.000366514
4443934,0001044330,656569100,1999-12-31,2000-01-03,0,0,0,54912,5263,0.0151887
4443935,0001044330,931422109,1999-12-31,2000-01-03,0,0,0,15100,251,0.00072437
4443936,0001044330,905581104,1999-12-31,2000-01-03,0,0,0,6649,164,0.000473294
4443937,0001044330,D1668R123,1999-12-31,2000-01-03,0,0,0,3201,128,0.0003694
4443938,0001044330,446150104,1999-12-31,2000-01-03,0,0,0,40342,214,0.00061759
4443939,0001044330,101137107,1999-12-31,2000-01-03,0,0,0,17650,375,0.00108223
4443940,0001044330,73927C100,1999-12-31,2000-01-03,0,0,0,10236,245,0.000707054
4443941,0001044330,339030108,1999-12-31,2000-01-03,0,0,0,41947,1320,0.00380944
4443942,0001044330,171779101,1999-12-31,2000-01-03,0,0,0,42024,2340,0.00675309
4443943,0001044330,747525103,1999-12-31,2000-01-03,0,0,0,104280,17697,0.0510724
4443944,0001044330,458140100,1999-12-31,2000-01-03,0,0,0,89032,5667,0.0163546
4443945,0001044330,780097879,1999-12-31,2000-01-03,0,0,0,13000,176,0.000507925
4443946,0001044330,G56462107,1999-12-31,2000-01-03,0,0,0,106755,2384,0.00688007
4443947,0001044330,375766102,1999-12-31,2000-01-03,0,0,0,28857,687,0.00198264
4443948,0001044330,040234106,1999-12-31,2000-01-03,0,0,0,37950,5,0.0000144297
4443949,0001044330,751277302,1999-12-31,2000-01-03,0,0,0,8705,242,0.000698397
4443950,0001044330,913017109,1999-12-31,2000-01-03,0,0,0,9298,526,0.001518
4443951,0001044330,277461109,1999-12-31,2000-01-03,0,0,0,3962,110,0.000317453
4443952,0001044330,83080P103,1999-12-31,2000-01-03,0,0,0,27019,543,0.00156706
4443953,0001044330,G3921A100,1999-12-31,2000-01-03,0,0,0,50545,2442,0.00704746
4443954,0001044330,209115104,1999-12-31,2000-01-03,0,0,0,10167,293,0.000845579
4443955,0001044330,817315104,1999-12-31,2000-01-03,0,0,0,2802,277,0.000799404
4443956,0001044330,594918104,1999-12-31,2000-01-03,0,0,0,114931,10424,0.030083
4443957,0001044330,358010106,1999-12-31,2000-01-03,0,0,0,11950,123,0.00035497
4443958,0001044330,038222105,1999-12-31,2000-01-03,0,0,0,22811,2727,0.00786995
4443959,0001044330,166751107,1999-12-31,2000-01-03,0,0,0,54018,2605,0.00751786
4443960,0001044330,867914103,1999-12-31,2000-01-03,0,0,0,6150,333,0.000961017
4443961,0001044330,611662107,1999-12-31,2000-01-03,0,0,0,48711,1327,0.00382964
4443962,0001044330,580135101,1999-12-31,2000-01-03,0,0,0,13900,171,0.000493495
4443963,0001044330,030954101,1999-12-31,2000-01-03,0,0,0,3200,218,0.000629134
4443964,0001044330,055622104,1999-12-31,2000-01-03,0,0,0,116424,3257,0.00939949
4443965,0001044330,482991577,1999-12-31,2000-01-03,0,0,0,1300,247,0.000712826
4443966,0001044330,200300200,1999-12-31,2000-01-03,0,0,0,45780,2250,0.00649336
4443967,0001044330,048825103,1999-12-31,2000-01-03,0,0,0,6750,255,0.000735914
4443968,0001044330,535678106,1999-12-31,2000-01-03,0,0,0,23719,1660,0.00479065
4443969,0001044330,866810104,1999-12-31,2000-01-03,0,0,0,70738,5324,0.0153647
4443970,0001044330,585055106,1999-12-31,2000-01-03,0,0,0,81859,2443,0.00705034
4443971,0001044330,204493100,1999-12-31,2000-01-03,0,0,0,7520,146,0.000421347
4443972,0001044330,459200101,1999-12-31,2000-01-03,0,0,0,36804,1909,0.00550925
4443973,0001044330,69332S102,1999-12-31,2000-01-03,0,0,0,39036,4471,0.012903
4443974,0001044330,412822108,1999-12-31,2000-01-03,0,0,0,27860,1746,0.00503884
4443975,0001044330,950810101,1999-12-31,2000-01-03,0,0,0,42417,602,0.00173733
4443976,0001044330,12612L108,1999-12-31,2000-01-03,0,0,0,22634,294,0.000848465
4443977,0001044330,654902204,1999-12-31,2000-01-03,0,0,0,20944,3917,0.0113042
4443978,0001044330,00371T206,1999-12-31,2000-01-03,0,0,0,13600,269,0.000776317
4443979,0001044330,204912109,1999-12-31,2000-01-03,0,0,0,4700,279,0.000805176
4443980,0001044330,549463107,1999-12-31,2000-01-03,0,0,0,161989,7935,0.0228999
4443981,0001044330,896047107,1999-12-31,2000-01-03,0,0,0,20200,1112,0.00320916
4443982,0001044330,017361106,1999-12-31,2000-01-03,0,0,0,16240,330,0.000952359
4443983,0001044330,313586109,1999-12-31,2000-01-03,0,0,0,40070,2144,0.00618745
4443984,0001044330,025816109,1999-12-31,2000-01-03,0,0,0,3389,280,0.000808062
4443985,0001044330,909907107,1999-12-31,2000-01-03,0,0,0,2324170,47167,0.136121
4443986,0001044330,993001502,1999-12-31,2000-01-03,0,0,0,490,374,0.00107934
4443987,0001044330,260543103,1999-12-31,2000-01-03,0,0,0,11516,862,0.00248768
4443988,0001044330,443510201,1999-12-31,2000-01-03,0,0,0,307545,8380,0.0241841
4443989,0001044330,742718109,1999-12-31,2000-01-03,0,0,0,92104,3833,0.0110618
4443990,0001044330,025537101,1999-12-31,2000-01-03,0,0,0,21955,417,0.00120344
4443991,0001044330,887315109,1999-12-31,2000-01-03,0,0,0,44605,3060,0.00883096
4443992,0001044330,954991576,1999-12-31,2000-01-03,0,0,0,307,485,0.00139968
4443993,0001044330,00651FAC2,1999-12-31,2000-01-03,0,0,1,615000,668,0.00192781
4443994,0001044330,806605101,1999-12-31,2000-01-03,0,0,0,53236,993,0.00286573
4443995,0001044330,254687106,1999-12-31,2000-01-03,0,0,0,72814,1478,0.00426541
4443996,0001044330,064057102,1999-12-31,2000-01-03,0,0,0,16640,569,0.0016421
4443997,0001044330,59021C203,1999-12-31,2000-01-03,0,0,0,9600,4,0.0000115437
4443998,0001044330,428236103,1999-12-31,2000-01-03,0,0,0,9196,721,0.00208076
4443999,0001044330,337358105,1999-12-31,2000-01-03,0,0,0,15346,336,0.000969675
4444000,0001044330,264399106,1999-12-31,2000-01-03,0,0,0,4539,128,0.0003694
4444001,0001044330,460335201,1999-12-31,2000-01-03,0,0,0,20890,1022,0.00294943
4444002,0001044330,097023105,1999-12-31,2000-01-03,0,0,0,5920,49,0.000141411
4444003,0001044330,931142103,1999-12-31,2000-01-03,0,0,0,15507,613,0.00176908
4444004,0001044330,655844108,1999-12-31,2000-01-03,0,0,0,16192,189,0.000545442
4444005,0001044330,478160104,1999-12-31,2000-01-03,0,0,0,29670,1493,0.0043087
4444006,0001044330,084670207,1999-12-31,2000-01-03,0,0,0,135,212,0.000611819
4444007,0001044330,17275R102,1999-12-31,2000-01-03,0,0,0,145759,13986,0.0403627
4444008,0001044330,302571104,1999-12-31,2000-01-03,0,0,0,9000,288,0.00083115
4444009,0001044330,02364J104,1999-12-31,2000-01-03,0,0,0,16248,726,0.00209519
4444010,0001044330,993001379,1999-12-31,2000-01-03,0,0,0,12562,0,0
4444011,0001044330,779991579,1999-12-31,2000-01-03,0,0,0,96,506,0.00146028
4444012,0001086755,008117103,1999-12-31,2000-01-11,0,0,0,6086,478,0.001539
4444013,0001086755,583062104,1999-12-31,2000-01-11,0,0,0,31810,387,0.00124601
4444014,0001086755,812387108,1999-12-31,2000-01-11,0,0,0,109940,4672,0.0150422
4444015,0001086755,345370100,1999-12-31,2000-01-11,0,0,0,72453,4252,0.01369
4444016,0001086755,20847D205,1999-12-31,2000-01-11,0,0,0,30000,746,0.00240186
4444017,0001086755,090945106,1999-12-31,2000-01-11,0,0,0,11450,139,0.000447532
4444018,0001086755,172737108,1999-12-31,2000-01-11,0,0,0,24147,1205,0.00387969
4444019,0001086755,204493100,1999-12-31,2000-01-11,0,0,0,168080,7059,0.0227276
4444020,0001086755,585055106,1999-12-31,2000-01-11,0,0,0,87450,6495,0.0209117
4444021,0001086755,244199105,1999-12-31,2000-01-11,0,0,0,40185,1321,0.00425317
4444022,0001086755,749927109,1999-12-31,2000-01-11,0,0,0,12500,43,0.000138445
4444023,0001086755,459200101,1999-12-31,2000-01-11,0,0,0,53585,9879,0.031807
4444024,0001086755,75086K104,1999-12-31,2000-01-11,0,0,0,60925,369,0.00118805
4444025,0001086755,44180R209,1999-12-31,2000-01-11,0,0,0,14000,355,0.00114298
4444026,0001086755,317923100,1999-12-31,2000-01-11,0,0,0,12400,99,0.000318746
4444027,0001086755,066050105,1999-12-31,2000-01-11,0,0,0,229124,13776,0.044354
4444028,0001086755,247025109,1999-12-31,2000-01-11,0,0,0,122645,8976,0.0288996
4444029,0001086755,084670108,1999-12-31,2000-01-11,0,0,0,5,350,0.00112688
4444030,0001086755,617446448,1999-12-31,2000-01-11,0,0,0,33554,2382,0.00766923
4444031,0001086755,910581107,1999-12-31,2000-01-11,0,0,0,19900,856,0.00275603
4444032,0001086755,549463107,1999-12-31,2000-01-11,0,0,0,181408,19943,0.0642096
4444033,0001086755,208464107,1999-12-31,2000-01-11,0,0,0,97420,2971,0.0095656
4444034,0001086755,171196108,1999-12-31,2000-01-11,0,0,0,131253,12608,0.0405934
4444035,0001086755,086516101,1999-12-31,2000-01-11,0,0,0,242259,14868,0.0478699
4444036,0001086755,17306K209,1999-12-31,2000-01-11,0,0,0,8000,203,0.000653591
4444037,0001086755,067774109,1999-12-31,2000-01-11,0,0,0,296075,12583,0.040513
4444038,0001086755,385269105,1999-12-31,2000-01-11,0,0,0,19500,157,0.000505486
4444039,0001086755,590188108,1999-12-31,2000-01-11,0,0,0,132800,8864,0.028539
4444040,0001086755,354613101,1999-12-31,2000-01-11,0,0,0,71800,2297,0.00739555
4444041,0001086755,866810104,1999-12-31,2000-01-11,0,0,0,194792,16679,0.0537007
4444042,0001086755,811845205,1999-12-31,2000-01-11,0,0,0,10000,251,0.000808134
4444043,0001086755,560321200,1999-12-31,2000-01-11,0,0,0,322731,3691,0.0118838
4444044,0001086755,589331107,1999-12-31,2000-01-11,0,0,0,16645,2455,0.00790426
4444045,0001086755,010392629,1999-12-31,2000-01-11,0,0,0,8000,200,0.000643932
4444046,0001086755,90332M200,1999-12-31,2000-01-11,0,0,0,8000,201,0.000647151
4444047,0001086755,594918104,1999-12-31,2000-01-11,0,0,0,103731,14386,0.046318
4444048,0001086755,931422109,1999-12-31,2000-01-11,0,0,0,165834,9711,0.0312661
4444049,0001086755,05563W206,1999-12-31,2000-01-11,0,0,0,8000,202,0.000650371
4444050,0001086755,24241X346,1999-12-31,2000-01-11,0,0,0,13140,25,0.0000804914
4444051,0001086755,717081103,1999-12-31,2000-01-11,0,0,0,157417,19677,0.0633532
4444052,0001086755,254687106,1999-12-31,2000-01-11,0,0,0,54525,1635,0.00526414
4444053,0001086755,524908100,1999-12-31,2000-01-11,0,0,0,5775,254,0.000817793
4444054,0001086755,939322103,1999-12-31,2000-01-11,0,0,0,397975,15272,0.0491706
4444055,0001086755,428236103,1999-12-31,2000-01-11,0,0,0,164604,11244,0.0362018
4444056,0001086755,16161A108,1999-12-31,2000-01-11,0,0,0,150650,10696,0.0344375
4444057,0001086755,020002101,1999-12-31,2000-01-11,0,0,0,68145,2623,0.00844516
4444058,0001086755,239753106,1999-12-31,2000-01-11,0,0,0,9000,488,0.00157119
4444059,0001086755,406216101,1999-12-31,2000-01-11,0,0,0,31876,944,0.00303936
4444060,0001086755,463664102,1999-12-31,2000-01-11,0,0,0,15500,22,0.0000708325
4444061,0001086755,17275R102,1999-12-31,2000-01-11,0,0,0,218446,20274,0.0652753
4444062,0001086755,172967101,1999-12-31,2000-01-11,0,0,0,260546,12945,0.0416785
4444063,0001086755,200336105,1999-12-31,2000-01-11,0,0,0,62794,1059,0.00340962
4444064,0001086755,02364J104,1999-12-31,2000-01-11,0,0,0,113950,17676,0.0569107
4444065,0001086755,902973106,1999-12-31,2000-01-11,0,0,0,78302,2779,0.00894743
4444066,0001086755,59021K205,1999-12-31,2000-01-11,0,0,0,14000,360,0.00115908
4444067,0001086755,741477103,1999-12-31,2000-01-11,0,0,0,190085,6510,0.02096
4444068,0000018349,079860102,1999-12-31,2000-01-12,0,0,0,324205,1295,0.0029192
4444069,0000018349,852061100,1999-12-31,2000-01-12,0,0,0,27368,539,0.00121502
4444070,0000018349,26483B106,1999-12-31,2000-01-12,0,0,0,9500,280,0.000631178
4444071,0000018349,026874107,1999-12-31,2000-01-12,0,0,0,2193,9,0.0000202879
4444072,0000018349,031162100,1999-12-31,2000-01-12,0,0,0,36496,721,0.00162528
4444073,0000018349,693506107,1999-12-31,2000-01-12,0,0,0,11969,250,0.000563552
4444074,0000018349,31428P103,1999-12-31,2000-01-12,0,0,0,43555,107,0.0002412
4444075,0000018349,31617K204,1999-12-31,2000-01-12,0,0,0,10894,113,0.000254725
4444076,0000018349,237194105,1999-12-31,2000-01-12,0,0,0,52162,302,0.00068077
4444077,0000018349,013817101,1999-12-31,2000-01-12,0,0,0,14683,295,0.000664991
4444078,0000018349,908068109,1999-12-31,2000-01-12,0,0,0,6379,252,0.00056806
4444079,0000018349,294429105,1999-12-31,2000-01-12,0,0,0,14400,236,0.000531993
4444080,0000018349,494368103,1999-12-31,2000-01-12,0,0,0,81705,39,0.0000879141
4444081,0000018349,693390551,1999-12-31,2000-01-12,0,0,0,21183,204,0.000459858
4444082,0000018349,097873103,1999-12-31,2000-01-12,0,0,0,14598,189,0.000426045
4444083,0000018349,532457108,1999-12-31,2000-01-12,0,0,0,11600,27,0.0000608636
4444084,0000018349,026609107,1999-12-31,2000-01-12,0,0,0,120664,149,0.000335877
4444085,0000018349,247025109,1999-12-31,2000-01-12,0,0,0,5517,71,0.000160049
4444086,0000018349,934488107,1999-12-31,2000-01-12,0,0,0,46389,115,0.000259234
4444087,0000018349,92857T107,1999-12-31,2000-01-12,0,0,0,24115,127,0.000286284
4444088,0000018349,084670108,1999-12-31,2000-01-12,0,0,0,21,1138,0.00256529
4444089,0000018349,353496300,1999-12-31,2000-01-12,0,0,0,19826,21,0.0000473383
4444090,0000018349,370334104,1999-12-31,2000-01-12,0,0,0,173933,1664,0.003751
4444091,0000018349,337162101,1999-12-31,2000-01-12,0,0,0,19744,563,0.00126912
4444092,0000018349,55273N863,1999-12-31,2000-01-12,0,0,0,17513,200,0.000450841
4444093,0000018349,423074103,1999-12-31,2000-01-12,0,0,0,14175,207,0.000466621
4444094,0000018349,373298108,1999-12-31,2000-01-12,0,0,0,16368,71,0.000160049
4444095,0000018349,529534109,1999-12-31,2000-01-12,0,0,0,16927,160,0.000360673
4444096,0000018349,852061506,1999-12-31,2000-01-12,0,0,0,5192,205,0.000462112
4444097,0000018349,291011104,1999-12-31,2000-01-12,0,0,0,63196,195,0.00043957
4444098,0000018349,224044107,1999-12-31,2000-01-12,0,0,0,4450,229,0.000516213
4444099,0000018349,620076109,1999-12-31,2000-01-12,0,0,0,65801,398,0.000897174
4444100,0000018349,594918104,1999-12-31,2000-01-12,0,0,0,65266,322,0.000725855
4444101,0000018349,232990AA9,1999-12-31,2000-01-12,0,0,0,450000,456,0.00102792
4444102,0000018349,67060F102,1999-12-31,2000-01-12,0,0,0,10518,133,0.00029981
4444103,0000018349,354723702,1999-12-31,2000-01-12,0,0,0,30020,148,0.000333623
4444104,0000018349,922031307,1999-12-31,2000-01-12,0,0,0,413908,117,0.000263742
4444105,0000018349,74406A102,1999-12-31,2000-01-12,0,0,0,5122,466,0.00105046
4444106,0000018349,500255104,1999-12-31,2000-01-12,0,0,0,4200,303,0.000683025
4444107,0000018349,976657106,1999-12-31,2000-01-12,0,0,0,12050,69,0.00015554
4444108,0000018349,779906106,1999-12-31,2000-01-12,0,0,0,14644,157,0.00035391
4444109,0000018349,343496105,1999-12-31,2000-01-12,0,0,0,78678,180,0.000405757
4444110,0000018349,071813109,1999-12-31,2000-01-12,0,0,0,3349,82,0.000184845
4444111,0000018349,437076102,1999-12-31,2000-01-12,0,0,0,181060,432,0.000973817
4444112,0000018349,314199100,1999-12-31,2000-01-12,0,0,0,32191,318,0.000716838
4444113,0000018349,026300103,1999-12-31,2000-01-12,0,0,0,10545,131,0.000295301
4444114,0000018349,120113105,1999-12-31,2000-01-12,0,0,0,10000,103,0.000232183
4444115,0000018349,882508104,1999-12-31,2000-01-12,0,0,0,76676,387,0.000872378
4444116,0000018349,807066105,1999-12-31,2000-01-12,0,0,0,4051,252,0.00056806
4444117,0000018349,803111103,1999-12-31,2000-01-12,0,0,0,143548,287,0.000646957
4444118,0000018349,300237799,1999-12-31,2000-01-12,0,0,0,11419,236,0.000531993
4444119,0000018349,780257804,1999-12-31,2000-01-12,0,0,0,7499,170,0.000383215
4444120,0000018349,239753106,1999-12-31,2000-01-12,0,0,0,81543,15,0.0000338131
4444121,0000018349,406216101,1999-12-31,2000-01-12,0,0,0,10352,64,0.000144269
4444122,0000018349,87161C105,1999-12-31,2000-01-12,0,0,0,27054600,285432,0.643423
4444123,0000018349,929771103,1999-12-31,2000-01-12,0,0,0,91055,544,0.00122629
4444124,0000018349,858155401,1999-12-31,2000-01-12,0,0,0,12857,154,0.000347148
4444125,0000018349,881694103,1999-12-31,2000-01-12,0,0,0,13558,114,0.00025698
4444126,0000018349,263534109,1999-12-31,2000-01-12,0,0,0,104025,1015,0.00228802
4444127,0000018349,219350105,1999-12-31,2000-01-12,0,0,0,4600,297,0.000669499
4444128,0000018349,026547109,1999-12-31,2000-01-12,0,0,0,25332,351,0.000791227
4444129,0000018349,933907107,1999-12-31,2000-01-12,0,0,0,12655,126,0.00028403
4444130,0000018349,604059105,1999-12-31,2000-01-12,0,0,0,15456,274,0.000617653
4444131,0000018349,739909109,1999-12-31,2000-01-12,0,0,0,10350,141,0.000317843
4444132,0000018349,922031406,1999-12-31,2000-01-12,0,0,0,18438,194,0.000437316
4444133,0000018349,315911107,1999-12-31,2000-01-12,0,0,0,13803,141,0.000317843
4444134,0000018349,345370100,1999-12-31,2000-01-12,0,0,0,80687,120,0.000270505
4444135,0000018349,205887102,1999-12-31,2000-01-12,0,0,0,96555,2191,0.00493897
4444136,0000018349,007924103,1999-12-31,2000-01-12,0,0,0,2973,284,0.000640195
4444137,0000018349,31617K303,1999-12-31,2000-01-12,0,0,0,15561,145,0.00032686
4444138,0000018349,461202103,1999-12-31,2000-01-12,0,0,0,18000,1079,0.00243229
4444139,0000018349,316172105,1999-12-31,2000-01-12,0,0,0,15844,148,0.000333623
4444140,0000018349,281020107,1999-12-31,2000-01-12,0,0,0,16585,21,0.0000473383
4444141,0000018349,758940100,1999-12-31,2000-01-12,0,0,0,13785,346,0.000779956
4444142,0000018349,285661104,1999-12-31,2000-01-12,0,0,0,53830,3345,0.00754032
4444143,0000018349,67065P600,1999-12-31,2000-01-12,0,0,0,14055,142,0.000320097
4444144,0000018349,060505104,1999-12-31,2000-01-12,0,0,0,188441,180,0.000405757
4444145,0000018349,460146103,1999-12-31,2000-01-12,0,0,0,10515,476,0.001073
4444146,0000018349,077853109,1999-12-31,2000-01-12,0,0,0,74042,485,0.00109329
4444147,0000018349,02364J104,1999-12-31,2000-01-12,0,0,0,6900,33,0.0000743888
4444148,0000018349,695629105,1999-12-31,2000-01-12,0,0,0,60680,2355,0.00530866
4444149,0000018349,190441105,1999-12-31,2000-01-12,0,0,0,38095,1350,0.00304318
4444150,0000018349,962166104,1999-12-31,2000-01-12,0,0,0,33060,2374,0.00535149
4444151,0000018349,713448108,1999-12-31,2000-01-12,0,0,0,28944,233,0.00052523
4444152,0000018349,194162103,1999-12-31,2000-01-12,0,0,0,61977,250,0.000563552
4444153,0000018349,31420C209,1999-12-31,2000-01-12,0,0,0,59339,157,0.00035391
4444154,0000018349,191216100,1999-12-31,2000-01-12,0,0,0,11314000,26727,0.0602482
4444155,0000018349,68389X105,1999-12-31,2000-01-12,0,0,0,186479,2003,0.00451518
4444156,0000018349,189054109,1999-12-31,2000-01-12,0,0,0,7396,30,0.0000676262
4444157,0000018349,149123101,1999-12-31,2000-01-12,0,0,0,6455,267,0.000601873
4444158,0000018349,55268B106,1999-12-31,2000-01-12,0,0,0,9152,24,0.000054101
4444159,0000018349,611662107,1999-12-31,2000-01-12,0,0,0,9000,319,0.000719092
4444160,0000018349,571903202,1999-12-31,2000-01-12,0,0,0,92723,2927,0.00659806
4444161,0000018349,314197104,1999-12-31,2000-01-12,0,0,0,166905,1379,0.00310855
4444162,0000018349,949746101,1999-12-31,2000-01-12,0,0,0,11190,226,0.000509451
4444163,0000018349,589331107,1999-12-31,2000-01-12,0,0,0,216226,2362,0.00532444
4444164,0000018349,001055102,1999-12-31,2000-01-12,0,0,0,493197,4326,0.0097517
4444165,0000018349,06423A103,1999-12-31,2000-01-12,0,0,0,66045,59,0.000132998
4444166,0000018349,487903239,1999-12-31,2000-01-12,0,0,0,94636,23,0.0000518468
4444167,0000018349,482480100,1999-12-31,2000-01-12,0,0,0,1800,200,0.000450841
4444168,0000018349,717081103,1999-12-31,2000-01-12,0,0,0,145345,586,0.00132097
4444169,0000018349,268648102,1999-12-31,2000-01-12,0,0,0,10100,448,0.00100988
4444170,0000018349,552984304,1999-12-31,2000-01-12,0,0,0,15742,129,0.000290793
4444171,0000018349,00724F101,1999-12-31,2000-01-12,0,0,0,3900,262,0.000590602
4444172,0000018349,453096109,1999-12-31,2000-01-12,0,0,0,10000,33,0.0000743888
4444173,0000018349,816338107,1999-12-31,2000-01-12,0,0,0,17917,243,0.000547772
4444174,0000018349,370442105,1999-12-31,2000-01-12,0,0,0,4002,291,0.000655974
4444175,0000018349,78387G103,1999-12-31,2000-01-12,0,0,0,222392,1082,0.00243905
4444176,0000018349,110122108,1999-12-31,2000-01-12,0,0,0,164948,929,0.00209416
4444177,0000018349,12490K107,1999-12-31,2000-01-12,0,0,0,8325,512,0.00115415
4444178,0000018349,75952J108,1999-12-31,2000-01-12,0,0,0,57720,9,0.0000202879
4444179,0000018349,172967101,1999-12-31,2000-01-12,0,0,0,35548,495,0.00111583
4444180,0000018349,718154107,1999-12-31,2000-01-12,0,0,0,66524,161,0.000362927
4444181,0000018349,832378301,1999-12-31,2000-01-12,0,0,0,8000,244,0.000550026
4444182,0000018349,91273H101,1999-12-31,2000-01-12,0,0,0,6937,249,0.000561298
4444183,0000018349,293561106,1999-12-31,2000-01-12,0,0,0,60029,244,0.000550026
4444184,0000018349,315809400,1999-12-31,2000-01-12,0,0,0,153094,16,0.0000360673
4444185,0000018349,254687106,1999-12-31,2000-01-12,0,0,0,182325,250,0.000563552
4444186,0000018349,08658U101,1999-12-31,2000-01-12,0,0,0,88932,147,0.000331368
4444187,0000018349,035229103,1999-12-31,2000-01-12,0,0,0,10320,284,0.000640195
4444188,0000018349,020039103,1999-12-31,2000-01-12,0,0,0,12816,580,0.00130744
4444189,0000018349,09247Q106,1999-12-31,2000-01-12,0,0,0,17825,203,0.000457604
4444190,0000018349,002824100,1999-12-31,2000-01-12,0,0,0,25315,123,0.000277267
4444191,0000018349,27826L843,1999-12-31,2000-01-12,0,0,0,10195,94,0.000211895
4444192,0000018349,616880100,1999-12-31,2000-01-12,0,0,0,3460,190,0.000428299
4444193,0000018349,197677107,1999-12-31,2000-01-12,0,0,0,58716,1721,0.00387949
4444194,0000018349,M00015681,1999-12-31,2000-01-12,0,0,0,47,463,0.0010437
4444195,0000018349,020002101,1999-12-31,2000-01-12,0,0,0,10476,252,0.00056806
4444196,0000018349,891906109,1999-12-31,2000-01-12,0,0,0,1556280,4775,0.0107638
4444197,0000018349,58440J104,1999-12-31,2000-01-12,0,0,0,3848,184,0.000414774
4444198,0000018349,373298702,1999-12-31,2000-01-12,0,0,0,8184,17,0.0000383215
4444199,0000018349,362320103,1999-12-31,2000-01-12,0,0,0,149767,348,0.000784464
4444200,0000018349,46612J101,1999-12-31,2000-01-12,0,0,0,3000,484,0.00109104
4444201,0000018349,910581107,1999-12-31,2000-01-12,0,0,0,38676,2055,0.0046324
4444202,0000018349,922907209,1999-12-31,2000-01-12,0,0,0,215504,1604,0.00361575
4444203,0000018349,36225X100,1999-12-31,2000-01-12,0,0,0,47240,1405,0.00316716
4444204,0000018349,383743580,1999-12-31,2000-01-12,0,0,0,278592,11,0.0000247963
4444205,0000018349,143658102,1999-12-31,2000-01-12,0,0,0,10650,325,0.000732617
4444206,0000018349,053015103,1999-12-31,2000-01-12,0,0,0,14114,237,0.000534247
4444207,0000018349,30231G102,1999-12-31,2000-01-12,0,0,0,307071,1332,0.0030026
4444208,0000018349,811850106,1999-12-31,2000-01-12,0,0,0,5600,251,0.000565806
4444209,0000018349,984121103,1999-12-31,2000-01-12,0,0,0,93460,7,0.0000157794
4444210,0000018349,369604103,1999-12-31,2000-01-12,0,0,0,271368,4932,0.0111177
4444211,0000018349,M00015517,1999-12-31,2000-01-12,0,0,0,331551,332,0.000748397
4444212,0000018349,617446448,1999-12-31,2000-01-12,0,0,0,7733,214,0.0004824
4444213,0000018349,270312200,1999-12-31,2000-01-12,0,0,0,10000,2,0.00000450841
4444214,0000018349,546347105,1999-12-31,2000-01-12,0,0,0,17178,13,0.0000293047
4444215,0000018349,208464107,1999-12-31,2000-01-12,0,0,0,14975,267,0.000601873
4444216,0000018349,656569100,1999-12-31,2000-01-12,0,0,0,3000,303,0.000683025
4444217,0000018349,931422109,1999-12-31,2000-01-12,0,0,0,16350,176,0.00039674
4444218,0000018349,866810104,1999-12-31,2000-01-12,0,0,0,49209,310,0.000698804
4444219,0000018349,339030108,1999-12-31,2000-01-12,0,0,0,94136,31,0.0000698804
4444220,0000018349,746870104,1999-12-31,2000-01-12,0,0,0,22547,189,0.000426045
4444221,0000018349,372460105,1999-12-31,2000-01-12,0,0,0,51248,109,0.000245709
4444222,0000018349,747525103,1999-12-31,2000-01-12,0,0,0,7208,881,0.00198596
4444223,0000018349,M00101366,1999-12-31,2000-01-12,0,0,0,1,4153,0.00936172
4444224,0000018349,458140100,1999-12-31,2000-01-12,0,0,0,165389,645,0.00145396
4444225,0000018349,487903312,1999-12-31,2000-01-12,0,0,0,20262,14,0.0000315589
4444226,0000018349,792860108,1999-12-31,2000-01-12,0,0,0,6367,214,0.0004824
4444227,0000018349,208251306,1999-12-31,2000-01-12,0,0,0,10000,248,0.000559043
4444228,0000018349,872375100,1999-12-31,2000-01-12,0,0,0,49000,184,0.000414774
4444229,0000018349,M00022638,1999-12-31,2000-01-12,0,0,0,80000,80,0.000180337
4444230,0000018349,375766102,1999-12-31,2000-01-12,0,0,0,46824,701,0.0015802
4444231,0000018349,939322103,1999-12-31,2000-01-12,0,0,0,69368,1795,0.0040463
4444232,0000018349,913017109,1999-12-31,2000-01-12,0,0,0,8714,16,0.0000360673
4444233,0000018349,277461109,1999-12-31,2000-01-12,0,0,0,8473,333,0.000750651
4444234,0000018349,879664100,1999-12-31,2000-01-12,0,0,0,3250,209,0.000471129
4444235,0000018349,548661107,1999-12-31,2000-01-12,0,0,0,77168,4390,0.00989597
4444236,0000018349,001957109,1999-12-31,2000-01-12,0,0,0,150815,788,0.00177632
4444237,0000018349,928559103,1999-12-31,2000-01-12,0,0,0,15000,85,0.000191608
4444238,0000018349,038222105,1999-12-31,2000-01-12,0,0,0,27995,3547,0.00799567
4444239,0000018349,166751107,1999-12-31,2000-01-12,0,0,0,69636,451,0.00101665
4444240,0000018349,487836108,1999-12-31,2000-01-12,0,0,0,32540,1003,0.00226097
4444241,0000018349,806857108,1999-12-31,2000-01-12,0,0,0,59393,157,0.00035391
4444242,0000018349,867914103,1999-12-31,2000-01-12,0,0,0,268132,586,0.00132097
4444243,0000018349,009158106,1999-12-31,2000-01-12,0,0,0,37334,1253,0.00282452
4444244,0000018349,580135101,1999-12-31,2000-01-12,0,0,0,30440,323,0.000728109
4444245,0000018349,055622104,1999-12-31,2000-01-12,0,0,0,66852,458,0.00103243
4444246,0000018349,887315109,1999-12-31,2000-01-12,0,0,0,8060,217,0.000489163
4444247,0000018349,048825103,1999-12-31,2000-01-12,0,0,0,37708,112,0.000252471
4444248,0000018349,921932208,1999-12-31,2000-01-12,0,0,0,23862,236,0.000531993
4444249,0000018349,835495102,1999-12-31,2000-01-12,0,0,0,11180,254,0.000572569
4444250,0000018349,585055106,1999-12-31,2000-01-12,0,0,0,127919,364,0.000820531
4444251,0000018349,171232101,1999-12-31,2000-01-12,0,0,0,128873,4733,0.0106692
4444252,0000018349,773903109,1999-12-31,2000-01-12,0,0,0,4856,232,0.000522976
4444253,0000018349,204493100,1999-12-31,2000-01-12,0,0,0,178751,259,0.00058384
4444254,0000018349,974280109,1999-12-31,2000-01-12,0,0,0,140049,1044,0.00235339
4444255,0000018349,244199105,1999-12-31,2000-01-12,0,0,0,5933,257,0.000579331
4444256,0000018349,459200101,1999-12-31,2000-01-12,0,0,0,60127,499,0.00112485
4444257,0000018349,55273N756,1999-12-31,2000-01-12,0,0,0,25427,257,0.000579331
4444258,0000018349,740065107,1999-12-31,2000-01-12,0,0,0,30469,731,0.00164783
4444259,0000018349,654902204,1999-12-31,2000-01-12,0,0,0,1800,344,0.000775447
4444260,0000018349,314184102,1999-12-31,2000-01-12,0,0,0,12502,106,0.000238946
4444261,0000018349,485170104,1999-12-31,2000-01-12,0,0,0,5550,213,0.000480146
4444262,0000018349,471023606,1999-12-31,2000-01-12,0,0,0,11966,112,0.000252471
4444263,0000018349,549463107,1999-12-31,2000-01-12,0,0,0,69028,1088,0.00245258
4444264,0000018349,580645109,1999-12-31,2000-01-12,0,0,0,22551,1390,0.00313335
4444265,0000018349,22160K105,1999-12-31,2000-01-12,0,0,0,3600,329,0.000741634
4444266,0000018349,313586109,1999-12-31,2000-01-12,0,0,0,79617,72,0.000162303
4444267,0000018349,025816109,1999-12-31,2000-01-12,0,0,0,5674,557,0.00125559
4444268,0000018349,475070108,1999-12-31,2000-01-12,0,0,0,6203,27,0.0000608636
4444269,0000018349,09247T100,1999-12-31,2000-01-12,0,0,0,60118,96,0.000216404
4444270,0000018349,156683104,1999-12-31,2000-01-12,0,0,0,11689,262,0.000590602
4444271,0000018349,67062P108,1999-12-31,2000-01-12,0,0,0,21019,244,0.000550026
4444272,0000018349,260543103,1999-12-31,2000-01-12,0,0,0,2127,80,0.000180337
4444273,0000018349,842587107,1999-12-31,2000-01-12,0,0,0,93868,319,0.000719092
4444274,0000018349,742718109,1999-12-31,2000-01-12,0,0,0,68816,131,0.000295301
4444275,0000018349,69313P101,1999-12-31,2000-01-12,0,0,0,110417,1,0.00000225421
4444276,0000018349,438516106,1999-12-31,2000-01-12,0,0,0,65435,16,0.0000360673
4444277,0000018349,31428M100,1999-12-31,2000-01-12,0,0,0,30533,159,0.000358419
4444278,0000018349,806605101,1999-12-31,2000-01-12,0,0,0,78632,68,0.000153286
4444279,0000018349,984332106,1999-12-31,2000-01-12,0,0,0,1680,65,0.000146523
4444280,0000018349,008879777,1999-12-31,2000-01-12,0,0,0,10363,84,0.000189353
4444281,0000018349,902124106,1999-12-31,2000-01-12,0,0,0,13030,290,0.00065372
4444282,0000018349,428236103,1999-12-31,2000-01-12,0,0,0,78848,468,0.00105497
4444283,0000018349,681919106,1999-12-31,2000-01-12,0,0,0,3600,280,0.000631178
4444284,0000018349,337358105,1999-12-31,2000-01-12,0,0,0,33682,399,0.000899429
4444285,0000018349,264399106,1999-12-31,2000-01-12,0,0,0,30859,784,0.0017673
4444286,0000018349,364730101,1999-12-31,2000-01-12,0,0,0,4255,347,0.00078221
4444287,0000018349,931142103,1999-12-31,2000-01-12,0,0,0,130910,1010,0.00227675
4444288,0000018349,655844108,1999-12-31,2000-01-12,0,0,0,74704,256,0.000577077
4444289,0000018349,961238102,1999-12-31,2000-01-12,0,0,0,24217,424,0.000955784
4444290,0000018349,858420102,1999-12-31,2000-01-12,0,0,0,13027,120,0.000270505
4444291,0000018349,478160104,1999-12-31,2000-01-12,0,0,0,94479,529,0.00119248
4444292,0000018349,M00090627,1999-12-31,2000-01-12,0,0,0,22037,139,0.000313335
4444293,0000018349,17275R102,1999-12-31,2000-01-12,0,0,0,47598,396,0.000892666
4444294,0000018349,805898103,1999-12-31,2000-01-12,0,0,0,7739,17,0.0000383215
4444295,0000018349,353496607,1999-12-31,2000-01-12,0,0,0,21549,90,0.000202879
4444296,0000018349,144141108,1999-12-31,2000-01-12,0,0,0,10200,140,0.000315589
4444297,0000018349,039483102,1999-12-31,2000-01-12,0,0,0,20048,243,0.000547772
4444298,0000018349,452308109,1999-12-31,2000-01-12,0,0,0,44292,16,0.0000360673
4444299,0000018349,056010309,1999-12-31,2000-01-12,0,0,0,169769,8144,0.0183583
4444300,0000018349,816346811,1999-12-31,2000-01-12,0,0,0,156589,1148,0.00258783
4444301,0000018349,921937108,1999-12-31,2000-01-12,0,0,0,19086,182,0.000410266
4444302,0000909788,784635104,1999-12-31,2000-01-18,0,0,0,5000,404,0.000421068
4444303,0000909788,902494103,1999-12-31,2000-01-18,0,0,0,22900,372,0.000387716
4444304,0000909788,938837101,1999-12-31,2000-01-18,0,0,0,27000,743,0.00077439
4444305,0000909788,918005109,1999-12-31,2000-01-18,0,0,0,36000,700,0.000729573
4444306,0000909788,872375100,1999-12-31,2000-01-18,0,0,0,45000,835,0.000870277
4444307,0000909788,205363104,1999-12-31,2000-01-18,0,0,0,3200,303,0.000315801
4444308,0000909788,871607107,1999-12-31,2000-01-18,0,0,0,17000,1135,0.00118295
4444309,0000909788,026609107,1999-12-31,2000-01-18,0,0,0,21094,828,0.000862981
4444310,0000909788,247126105,1999-12-31,2000-01-18,0,0,0,42946,673,0.000701433
4444311,0000909788,030789507,1999-12-31,2000-01-18,0,0,0,10000,288,0.000300167
4444312,0000909788,316773100,1999-12-31,2000-01-18,0,0,0,19175,1407,0.00146644
4444313,0000909788,345838106,1999-12-31,2000-01-18,0,0,0,18000,1106,0.00115273
4444314,0000909788,800907107,1999-12-31,2000-01-18,0,0,0,10000,999,0.00104121
4444315,0000909788,466313103,1999-12-31,2000-01-18,0,0,0,14000,1022,0.00106518
4444316,0000909788,949746101,1999-12-31,2000-01-18,0,0,0,46450,1878,0.00195734
4444317,0000909788,14149Y108,1999-12-31,2000-01-18,0,0,0,17742,849,0.000884868
4444318,0000909788,406216101,1999-12-31,2000-01-18,0,0,0,38075,1533,0.00159777
4444319,0000909788,149123101,1999-12-31,2000-01-18,0,0,0,19275,907,0.000945318
4444320,0000909788,881694103,1999-12-31,2000-01-18,0,0,0,7135,388,0.000404392
4444321,0000909788,382588101,1999-12-31,2000-01-18,0,0,0,20000,108,0.000112563
4444322,0000909788,219350105,1999-12-31,2000-01-18,0,0,0,1771,228,0.000237632
4444323,0000909788,054937107,1999-12-31,2000-01-18,0,0,0,66542,1822,0.00189897
4444324,0000909788,345370100,1999-12-31,2000-01-18,0,0,0,41925,2227,0.00232109
4444325,0000909788,007924103,1999-12-31,2000-01-18,0,0,0,13355,1275,0.00132887
4444326,0000909788,585055106,1999-12-31,2000-01-18,0,0,0,53850,1962,0.00204489
4444327,0000909788,988858106,1999-12-31,2000-01-18,0,0,0,7000,339,0.000353322
4444328,0000909788,055921100,1999-12-31,2000-01-18,0,0,0,15525,1241,0.00129343
4444329,0000909788,466367109,1999-12-31,2000-01-18,0,0,0,11245,233,0.000242844
4444330,0000909788,984332106,1999-12-31,2000-01-18,0,0,0,2000,865,0.000901544
4444331,0000909788,874264104,1999-12-31,2000-01-18,0,0,0,12000,213,0.000221999
4444332,0000909788,336294103,1999-12-31,2000-01-18,0,0,0,42000,1072,0.00111729
4444333,0000909788,03060R101,1999-12-31,2000-01-18,0,0,0,15000,278,0.000289745
4444334,0000909788,91288L105,1999-12-31,2000-01-18,0,0,0,4500,361,0.000376251
4444335,0000909788,713448108,1999-12-31,2000-01-18,0,0,0,83180,2921,0.00304441
4444336,0000909788,307000109,1999-12-31,2000-01-18,0,0,0,35000,571,0.000595123
4444337,0000909788,020813101,1999-12-31,2000-01-18,0,0,0,7000,215,0.000224083
4444338,0000909788,670346105,1999-12-31,2000-01-18,0,0,0,11900,652,0.000679545
4444339,0000909788,589331107,1999-12-31,2000-01-18,0,0,0,81650,5486,0.00571777
4444340,0000909788,748356102,1999-12-31,2000-01-18,0,0,0,28000,420,0.000437744
4444341,0000909788,008882102,1999-12-31,2000-01-18,0,0,0,55500,1543,0.00160819
4444342,0000909788,362320103,1999-12-31,2000-01-18,0,0,0,13396,861,0.000897375
4444343,0000909788,160903100,1999-12-31,2000-01-18,0,0,0,41300,790,0.000823376
4444344,0000909788,629568106,1999-12-31,2000-01-18,0,0,0,25000,773,0.000805657
4444345,0000909788,268648102,1999-12-31,2000-01-18,0,0,0,35650,3895,0.00405955
4444346,0000909788,068480201,1999-12-31,2000-01-18,0,0,0,10500,309,0.000322054
4444347,0000909788,441560109,1999-12-31,2000-01-18,0,0,0,10000,422,0.000439828
4444348,0000909788,G90078109,1999-12-31,2000-01-18,0,0,0,13000,438,0.000456504
4444349,0000909788,15640T100,1999-12-31,2000-01-18,0,0,0,1270420,55443,0.0577853
4444350,0000909788,68750P103,1999-12-31,2000-01-18,0,0,0,12000,143,0.000149041
4444351,0000909788,08658U101,1999-12-31,2000-01-18,0,0,0,28471,1497,0.00156024
4444352,0000909788,440452100,1999-12-31,2000-01-18,0,0,0,20000,813,0.000847347
4444353,0000909788,863314100,1999-12-31,2000-01-18,0,0,0,25000,163,0.000169886
4444354,0000909788,871829107,1999-12-31,2000-01-18,0,0,0,26080,1032,0.0010756
4444355,0000909788,717081103,1999-12-31,2000-01-18,0,0,0,98845,3206,0.00334145
4444356,0000909788,020753109,1999-12-31,2000-01-18,0,0,0,5000,287,0.000299125
4444357,0000909788,87114F106,1999-12-31,2000-01-18,0,0,0,35000,864,0.000900502
4444358,0000909788,009363102,1999-12-31,2000-01-18,0,0,0,30000,285,0.000297041
4444359,0000909788,17163B102,1999-12-31,2000-01-18,0,0,0,13000,358,0.000373125
4444360,0000909788,832248108,1999-12-31,2000-01-18,0,0,0,13000,312,0.000325181
4444361,0000909788,14040H105,1999-12-31,2000-01-18,0,0,0,18650,899,0.00093698
4444362,0000909788,866810104,1999-12-31,2000-01-18,0,0,0,50660,3923,0.00408874
4444363,0000909788,480074103,1999-12-31,2000-01-18,0,0,0,25000,678,0.000706644
4444364,0000909788,412822108,1999-12-31,2000-01-18,0,0,0,45280,2901,0.00302356
4444365,0000909788,929253102,1999-12-31,2000-01-18,0,0,0,10000,292,0.000304336
4444366,0000909788,776696106,1999-12-31,2000-01-18,0,0,0,7000,265,0.000276196
4444367,0000909788,931422109,1999-12-31,2000-01-18,0,0,0,68830,2006,0.00209075
4444368,0000909788,156406803,1999-12-31,2000-01-18,0,0,0,6588660,63315,0.0659899
4444369,0000909788,75952U103,1999-12-31,2000-01-18,0,0,0,19000,745,0.000776474
4444370,0000909788,277461109,1999-12-31,2000-01-18,0,0,0,3558,236,0.00024597
4444371,0000909788,879664100,1999-12-31,2000-01-18,0,0,0,32650,2096,0.00218455
4444372,0000909788,524651106,1999-12-31,2000-01-18,0,0,0,16000,1101,0.00114751
4444373,0000909788,902905827,1999-12-31,2000-01-18,0,0,0,39050,964,0.00100473
4444374,0000909788,990040446,1999-12-31,2000-01-18,0,0,0,10000,10,0.0000104225
4444375,0000909788,038222105,1999-12-31,2000-01-18,0,0,0,24940,3151,0.00328412
4444376,0000909788,584699102,1999-12-31,2000-01-18,0,0,0,15000,2488,0.00259311
4444377,0000909788,875382103,1999-12-31,2000-01-18,0,0,0,20775,1022,0.00106518
4444378,0000909788,783890106,1999-12-31,2000-01-18,0,0,0,17000,1397,0.00145602
4444379,0000909788,835495102,1999-12-31,2000-01-18,0,0,0,19255,438,0.000456504
4444380,0000909788,172737108,1999-12-31,2000-01-18,0,0,0,12600,568,0.000591997
4444381,0000909788,071707103,1999-12-31,2000-01-18,0,0,0,4300,294,0.000306421
4444382,0000909788,754730109,1999-12-31,2000-01-18,0,0,0,12000,224,0.000233463
4444383,0000909788,313586109,1999-12-31,2000-01-18,0,0,0,43385,2709,0.00282345
4444384,0000909788,751277302,1999-12-31,2000-01-18,0,0,0,36950,1030,0.00107351
4444385,0000909788,20449H109,1999-12-31,2000-01-18,0,0,0,36000,803,0.000836925
4444386,0000909788,475070108,1999-12-31,2000-01-18,0,0,0,80254,5477,0.00570839
4444387,0000909788,054802103,1999-12-31,2000-01-18,0,0,0,20000,218,0.00022721
4444388,0000909788,038336103,1999-12-31,2000-01-18,0,0,0,10000,251,0.000261604
4444389,0000909788,983922105,1999-12-31,2000-01-18,0,0,0,6000,450,0.000469011
4444390,0000909788,665859104,1999-12-31,2000-01-18,0,0,0,20400,1081,0.00112667
4444391,0000909788,438516106,1999-12-31,2000-01-18,0,0,0,29844,1722,0.00179475
4444392,0000909788,78387G103,1999-12-31,2000-01-18,0,0,0,110000,5363,0.00558957
4444393,0000909788,668074107,1999-12-31,2000-01-18,0,0,0,10000,220,0.000229294
4444394,0000909788,934390105,1999-12-31,2000-01-18,0,0,0,20000,246,0.000256393
4444395,0000909788,297602104,1999-12-31,2000-01-18,0,0,0,10000,321,0.000334561
4444396,0000909788,841297104,1999-12-31,2000-01-18,0,0,0,13000,671,0.000699348
4444397,0000909788,845905108,1999-12-31,2000-01-18,0,0,0,50000,373,0.000388758
4444398,0000909788,449370105,1999-12-31,2000-01-18,0,0,0,5000,491,0.000511744
4444399,0000909788,743168106,1999-12-31,2000-01-18,0,0,0,10000,266,0.000277238
4444400,0000909788,364730101,1999-12-31,2000-01-18,0,0,0,2660,217,0.000226168
4444401,0000909788,931142103,1999-12-31,2000-01-18,0,0,0,146620,10108,0.010535
4444402,0000909788,313400301,1999-12-31,2000-01-18,0,0,0,4450,209,0.00021783
4444403,0000909788,200336105,1999-12-31,2000-01-18,0,0,0,25500,950,0.000990135
4444404,0000909788,460254105,1999-12-31,2000-01-18,0,0,0,12000,312,0.000325181
4444405,0000909788,571834100,1999-12-31,2000-01-18,0,0,0,30000,1884,0.00196359
4444406,0000909788,913017109,1999-12-31,2000-01-18,0,0,0,28775,1870,0.001949
4444407,0000909788,013817101,1999-12-31,2000-01-18,0,0,0,16108,1337,0.00139348
4444408,0000909788,532457108,1999-12-31,2000-01-18,0,0,0,42644,2820,0.00293914
4444409,0000909788,144285103,1999-12-31,2000-01-18,0,0,0,14000,384,0.000400223
4444410,0000909788,990040396,1999-12-31,2000-01-18,0,0,0,80000,65,0.0000677461
4444411,0000909788,247025109,1999-12-31,2000-01-18,0,0,0,85010,4324,0.00450668
4444412,0000909788,174688507,1999-12-31,2000-01-18,0,0,0,30134,805,0.000839009
4444413,0000909788,58551A108,1999-12-31,2000-01-18,0,0,0,58450,1991,0.00207511
4444414,0000909788,806857108,1999-12-31,2000-01-18,0,0,0,17875,1003,0.00104537
4444415,0000909788,302130109,1999-12-31,2000-01-18,0,0,0,9300,407,0.000424195
4444416,0000909788,184190106,1999-12-31,2000-01-18,0,0,0,50000,459,0.000478392
4444417,0000909788,224044107,1999-12-31,2000-01-18,0,0,0,10100,520,0.000541969
4444418,0000909788,941848103,1999-12-31,2000-01-18,0,0,0,9000,477,0.000497152
4444419,0000909788,068306109,1999-12-31,2000-01-18,0,0,0,7000,220,0.000229294
4444420,0000909788,950755108,1999-12-31,2000-01-18,0,0,0,10000,141,0.000146957
4444421,0000909788,879369106,1999-12-31,2000-01-18,0,0,0,15000,470,0.000489856
4444422,0000909788,001765106,1999-12-31,2000-01-18,0,0,0,11425,765,0.000797319
4444423,0000909788,532791100,1999-12-31,2000-01-18,0,0,0,15000,520,0.000541969
4444424,0000909788,025816109,1999-12-31,2000-01-18,0,0,0,22409,3725,0.00388237
4444425,0000909788,285512109,1999-12-31,2000-01-18,0,0,0,15000,1260,0.00131323
4444426,0000909788,029712106,1999-12-31,2000-01-18,0,0,0,18000,826,0.000860896
4444427,0000909788,368682100,1999-12-31,2000-01-18,0,0,0,12000,119,0.000124027
4444428,0000909788,670872100,1999-12-31,2000-01-18,0,0,0,6800,234,0.000243886
4444429,0000909788,743866105,1999-12-31,2000-01-18,0,0,0,14000,502,0.000523208
4444430,0000909788,042735100,1999-12-31,2000-01-18,0,0,0,24000,609,0.000634729
4444431,0000909788,178566105,1999-12-31,2000-01-18,0,0,0,18000,593,0.000618053
4444432,0000909788,604059105,1999-12-31,2000-01-18,0,0,0,6560,642,0.000669123
4444433,0000909788,375558103,1999-12-31,2000-01-18,0,0,0,10000,541,0.000563856
4444434,0000909788,212485106,1999-12-31,2000-01-18,0,0,0,50000,1538,0.00160298
4444435,0000909788,027352103,1999-12-31,2000-01-18,0,0,0,10000,314,0.000327266
4444436,0000909788,43357B104,1999-12-31,2000-01-18,0,0,0,8000,738,0.000769179
4444437,0000909788,260543103,1999-12-31,2000-01-18,0,0,0,8775,1173,0.00122256
4444438,0000909788,156406852,1999-12-31,2000-01-18,0,0,0,10979600,169404,0.176561
4444439,0000909788,872275102,1999-12-31,2000-01-18,0,0,0,29000,721,0.00075146
4444440,0000909788,369604103,1999-12-31,2000-01-18,0,0,0,162148,24880,0.0259311
4444441,0000909788,781182100,1999-12-31,2000-01-18,0,0,0,11811,215,0.000224083
4444442,0000909788,194162103,1999-12-31,2000-01-18,0,0,0,33075,2150,0.00224083
4444443,0000909788,492386107,1999-12-31,2000-01-18,0,0,0,10375,643,0.000670165
4444444,0000909788,002896207,1999-12-31,2000-01-18,0,0,0,26000,694,0.00072332
4444445,0000909788,55268B106,1999-12-31,2000-01-18,0,0,0,111104,5881,0.00612946
4444446,0000909788,31420C506,1999-12-31,2000-01-18,0,0,0,29609,282,0.000293914
4444447,0000909788,68389X105,1999-12-31,2000-01-18,0,0,0,46850,5250,0.0054718
4444448,0000909788,06423A103,1999-12-31,2000-01-18,0,0,0,9833,315,0.000328308
4444449,0000909788,529771107,1999-12-31,2000-01-18,0,0,0,9700,878,0.000915093
4444450,0000909788,41145C103,1999-12-31,2000-01-18,0,0,0,8500,270,0.000281407
4444451,0000909788,488360108,1999-12-31,2000-01-18,0,0,0,9000,406,0.000423152
4444452,0000909788,939330106,1999-12-31,2000-01-18,0,0,0,9962,294,0.000306421
4444453,0000909788,963320106,1999-12-31,2000-01-18,0,0,0,10675,695,0.000724362
4444454,0000909788,480236108,1999-12-31,2000-01-18,0,0,0,10000,434,0.000452335
4444455,0000909788,370442105,1999-12-31,2000-01-18,0,0,0,29378,2114,0.00220331
4444456,0000909788,594901100,1999-12-31,2000-01-18,0,0,0,5143,381,0.000397096
4444457,0000909788,090578105,1999-12-31,2000-01-18,0,0,0,15000,229,0.000238675
4444458,0000909788,110122108,1999-12-31,2000-01-18,0,0,0,82472,5294,0.00551766
4444459,0000909788,915289102,1999-12-31,2000-01-18,0,0,0,15575,523,0.000545095
4444460,0000909788,036115103,1999-12-31,2000-01-18,0,0,0,8000,276,0.00028766
4444461,0000909788,395384100,1999-12-31,2000-01-18,0,0,0,25000,595,0.000620137
4444462,0000909788,293561106,1999-12-31,2000-01-18,0,0,0,47565,2101,0.00218976
4444463,0000909788,151313103,1999-12-31,2000-01-18,0,0,0,41450,1101,0.00114751
4444464,0000909788,820286102,1999-12-31,2000-01-18,0,0,0,35000,543,0.00056594
4444465,0000909788,427866108,1999-12-31,2000-01-18,0,0,0,15000,712,0.00074208
4444466,0000909788,064057102,1999-12-31,2000-01-18,0,0,0,38620,1545,0.00161027
4444467,0000909788,58440J104,1999-12-31,2000-01-18,0,0,0,2913,224,0.000233463
4444468,0000909788,254546104,1999-12-31,2000-01-18,0,0,0,6000,247,0.000257435
4444469,0000909788,635449101,1999-12-31,2000-01-18,0,0,0,18000,408,0.000425237
4444470,0000909788,978097103,1999-12-31,2000-01-18,0,0,0,20000,219,0.000228252
4444471,0000909788,659424105,1999-12-31,2000-01-18,0,0,0,29000,504,0.000525293
4444472,0000909788,30231G102,1999-12-31,2000-01-18,0,0,0,139709,11203,0.0116763
4444473,0000909788,731068102,1999-12-31,2000-01-18,0,0,0,8000,290,0.000302252
4444474,0000909788,617446448,1999-12-31,2000-01-18,0,0,0,15437,2204,0.00229711
4444475,0000909788,918866104,1999-12-31,2000-01-18,0,0,0,10000,423,0.000440871
4444476,0000909788,459902102,1999-12-31,2000-01-18,0,0,0,25000,508,0.000529462
4444477,0000909788,339030108,1999-12-31,2000-01-18,0,0,0,38766,1350,0.00140703
4444478,0000909788,156406886,1999-12-31,2000-01-18,0,0,0,3145530,30943,0.0322503
4444479,0000909788,92844S105,1999-12-31,2000-01-18,0,0,0,10000,518,0.000539884
4444480,0000909788,361448103,1999-12-31,2000-01-18,0,0,0,14000,473,0.000492983
4444481,0000909788,829073105,1999-12-31,2000-01-18,0,0,0,5000,219,0.000228252
4444482,0000909788,205862402,1999-12-31,2000-01-18,0,0,0,13000,1882,0.00196151
4444483,0000909788,261018105,1999-12-31,2000-01-18,0,0,0,12000,242,0.000252224
4444484,0000909788,928497106,1999-12-31,2000-01-18,0,0,0,30000,1573,0.00163946
4444485,0000909788,611662107,1999-12-31,2000-01-18,0,0,0,36650,1299,0.00135388
4444486,0000909788,337738108,1999-12-31,2000-01-18,0,0,0,22500,862,0.000898417
4444487,0000909788,580135101,1999-12-31,2000-01-18,0,0,0,69976,2821,0.00294018
4444488,0000909788,023139108,1999-12-31,2000-01-18,0,0,0,19000,992,0.00103391
4444489,0000909788,535678106,1999-12-31,2000-01-18,0,0,0,42000,3006,0.003133
4444490,0000909788,887100105,1999-12-31,2000-01-18,0,0,0,4000,212,0.000220956
4444491,0000909788,426281101,1999-12-31,2000-01-18,0,0,0,4000,215,0.000224083
4444492,0000909788,871508107,1999-12-31,2000-01-18,0,0,0,4050,257,0.000267858
4444493,0000909788,459200101,1999-12-31,2000-01-18,0,0,0,60029,6476,0.0067496
4444494,0000909788,925815102,1999-12-31,2000-01-18,0,0,0,9000,365,0.00038042
4444495,0000909788,536310105,1999-12-31,2000-01-18,0,0,0,13000,159,0.000165717
4444496,0000909788,505401208,1999-12-31,2000-01-18,0,0,0,12000,146,0.000152168
4444497,0000909788,437076102,1999-12-31,2000-01-18,0,0,0,64212,4415,0.00460152
4444498,0000909788,067774109,1999-12-31,2000-01-18,0,0,0,12000,248,0.000258477
4444499,0000909788,316345107,1999-12-31,2000-01-18,0,0,0,165157,3143,0.00327578
4444500,0000909788,029066107,1999-12-31,2000-01-18,0,0,0,18000,475,0.000495068
4444501,0000909788,443510201,1999-12-31,2000-01-18,0,0,0,15000,409,0.000426279
4444502,0000909788,283905107,1999-12-31,2000-01-18,0,0,0,7926,308,0.000321012
4444503,0000909788,254687106,1999-12-31,2000-01-18,0,0,0,8096,237,0.000247013
4444504,0000909788,902124106,1999-12-31,2000-01-18,0,0,0,85506,3327,0.00346756
4444505,0000909788,67481E106,1999-12-31,2000-01-18,0,0,0,40000,310,0.000323097
4444506,0000909788,337358105,1999-12-31,2000-01-18,0,0,0,15288,504,0.000525293
4444507,0000909788,505336107,1999-12-31,2000-01-18,0,0,0,10000,168,0.000175098
4444508,0000909788,17275R102,1999-12-31,2000-01-18,0,0,0,92976,9939,0.0103589
4444509,0000909788,55273N699,1999-12-31,2000-01-18,0,0,0,11264,126,0.000131323
4444510,0000909788,452704505,1999-12-31,2000-01-18,0,0,0,15240,649,0.000676419
4444511,0000909788,834182107,1999-12-31,2000-01-18,0,0,0,20725,1971,0.00205427
4444512,0000909788,079860102,1999-12-31,2000-01-18,0,0,0,46091,1728,0.001801
4444513,0000909788,170040109,1999-12-31,2000-01-18,0,0,0,38000,1610,0.00167802
4444514,0000909788,55262L100,1999-12-31,2000-01-18,0,0,0,41575,1133,0.00118087
4444515,0000909788,56418H100,1999-12-31,2000-01-18,0,0,0,19000,715,0.000745207
4444516,0000909788,556100105,1999-12-31,2000-01-18,0,0,0,6000,439,0.000457547
4444517,0000909788,563571108,1999-12-31,2000-01-18,0,0,0,7000,238,0.000248055
4444518,0000909788,046265104,1999-12-31,2000-01-18,0,0,0,17000,517,0.000538842
4444519,0000909788,784117103,1999-12-31,2000-01-18,0,0,0,3000,357,0.000372082
4444520,0000909788,45168D104,1999-12-31,2000-01-18,0,0,0,12000,194,0.000202196
4444521,0000909788,370334104,1999-12-31,2000-01-18,0,0,0,6670,238,0.000248055
4444522,0000909788,127055101,1999-12-31,2000-01-18,0,0,0,30300,617,0.000643067
4444523,0000909788,74838C106,1999-12-31,2000-01-18,0,0,0,15000,233,0.000242844
4444524,0000909788,521865105,1999-12-31,2000-01-18,0,0,0,16000,512,0.000533631
4444525,0000909788,469814107,1999-12-31,2000-01-18,0,0,0,11000,358,0.000373125
4444526,0000909788,947074100,1999-12-31,2000-01-18,0,0,0,20000,799,0.000832756
4444527,0000909788,343496105,1999-12-31,2000-01-18,0,0,0,35000,558,0.000581574
4444528,0000909788,852061506,1999-12-31,2000-01-18,0,0,0,37460,3840,0.00400223
4444529,0000909788,872594106,1999-12-31,2000-01-18,0,0,0,5000,206,0.000214703
4444530,0000909788,929771103,1999-12-31,2000-01-18,0,0,0,6104,415,0.000432533
4444531,0000909788,880770102,1999-12-31,2000-01-18,0,0,0,35000,2310,0.00240759
4444532,0000909788,263534109,1999-12-31,2000-01-18,0,0,0,55927,3646,0.00380003
4444533,0000909788,242361103,1999-12-31,2000-01-18,0,0,0,10000,398,0.000414815
4444534,0000909788,882508104,1999-12-31,2000-01-18,0,0,0,24550,2372,0.00247221
4444535,0000909788,111620100,1999-12-31,2000-01-18,0,0,0,35000,1291,0.00134554
4444536,0000909788,372917104,1999-12-31,2000-01-18,0,0,0,16000,720,0.000750418
4444537,0000909788,57772K101,1999-12-31,2000-01-18,0,0,0,50000,2359,0.00245866
4444538,0000909788,871503108,1999-12-31,2000-01-18,0,0,0,5000,293,0.000305379
4444539,0000909788,038225108,1999-12-31,2000-01-18,0,0,0,10000,368,0.000383547
4444540,0000909788,260561105,1999-12-31,2000-01-18,0,0,0,16900,1149,0.00119754
4444541,0000909788,060505104,1999-12-31,2000-01-18,0,0,0,42809,2148,0.00223875
4444542,0000909788,233293109,1999-12-31,2000-01-18,0,0,0,27123,470,0.000489856
4444543,0000909788,45868P100,1999-12-31,2000-01-18,0,0,0,10000,248,0.000258477
4444544,0000909788,670008101,1999-12-31,2000-01-18,0,0,0,6000,735,0.000766052
4444545,0000909788,257651109,1999-12-31,2000-01-18,0,0,0,22000,529,0.000551349
4444546,0000909788,594793101,1999-12-31,2000-01-18,0,0,0,7000,399,0.000415857
4444547,0000909788,192422103,1999-12-31,2000-01-18,0,0,0,11000,429,0.000447124
4444548,0000909788,916906100,1999-12-31,2000-01-18,0,0,0,6000,287,0.000299125
4444549,0000909788,482480100,1999-12-31,2000-01-18,0,0,0,11160,1243,0.00129551
4444550,0000909788,080555105,1999-12-31,2000-01-18,0,0,0,35000,667,0.000695179
4444551,0000909788,67064R102,1999-12-31,2000-01-18,0,0,0,21945,277,0.000288703
4444552,0000909788,501917108,1999-12-31,2000-01-18,0,0,0,35003,610,0.000635771
4444553,0000909788,16161A108,1999-12-31,2000-01-18,0,0,0,35940,2783,0.00290057
4444554,0000909788,664397106,1999-12-31,2000-01-18,0,0,0,52000,1069,0.00111416
4444555,0000909788,172908105,1999-12-31,2000-01-18,0,0,0,27000,1434,0.00149458
4444556,0000909788,156406829,1999-12-31,2000-01-18,0,0,0,1548120,18084,0.018848
4444557,0000909788,826170102,1999-12-31,2000-01-18,0,0,0,37000,3108,0.00323931
4444558,0000909788,718154107,1999-12-31,2000-01-18,0,0,0,22100,474,0.000494025
4444559,0000909788,942683103,1999-12-31,2000-01-18,0,0,0,20000,716,0.000746249
4444560,0000909788,857477103,1999-12-31,2000-01-18,0,0,0,22390,1626,0.00169469
4444561,0000909788,360921100,1999-12-31,2000-01-18,0,0,0,23000,506,0.000527377
4444562,0000909788,002824100,1999-12-31,2000-01-18,0,0,0,49327,1791,0.00186667
4444563,0000909788,090324104,1999-12-31,2000-01-18,0,0,0,10000,151,0.000157379
4444564,0000909788,584949101,1999-12-31,2000-01-18,0,0,0,10000,258,0.0002689
4444565,0000909788,636180101,1999-12-31,2000-01-18,0,0,0,10000,465,0.000484645
4444566,0000909788,021441100,1999-12-31,2000-01-18,0,0,0,47000,2329,0.00242739
4444567,0000909788,727493108,1999-12-31,2000-01-18,0,0,0,4500,322,0.000335604
4444568,0000909788,971807102,1999-12-31,2000-01-18,0,0,0,14448,697,0.000726447
4444569,0000909788,46128R100,1999-12-31,2000-01-18,0,0,0,145566,884,0.000921347
4444570,0000909788,624756102,1999-12-31,2000-01-18,0,0,0,9000,326,0.000339773
4444571,0000909788,703412106,1999-12-31,2000-01-18,0,0,0,8000,341,0.000355406
4444572,0000909788,90331R101,1999-12-31,2000-01-18,0,0,0,18000,302,0.000314759
4444573,0000909788,826428104,1999-12-31,2000-01-18,0,0,0,44000,765,0.000797319
4444574,0000909788,458140100,1999-12-31,2000-01-18,0,0,0,111358,9148,0.00953448
4444575,0000909788,413086109,1999-12-31,2000-01-18,0,0,0,5000,281,0.000292872
4444576,0000909788,747906204,1999-12-31,2000-01-18,0,0,0,44000,666,0.000694137
4444577,0000909788,599902103,1999-12-31,2000-01-18,0,0,0,8000,976,0.00101723
4444578,0000909788,458118106,1999-12-31,2000-01-18,0,0,0,17000,493,0.000513828
4444579,0000909788,001957109,1999-12-31,2000-01-18,0,0,0,122181,6179,0.00644005
4444580,0000909788,166751107,1999-12-31,2000-01-18,0,0,0,5858,507,0.00052842
4444581,0000909788,81369Y704,1999-12-31,2000-01-18,0,0,0,70000,2073,0.00216058
4444582,0000909788,256747106,1999-12-31,2000-01-18,0,0,0,22000,1066,0.00111104
4444583,0000909788,893416107,1999-12-31,2000-01-18,0,0,0,14000,392,0.000408561
4444584,0000909788,093210102,1999-12-31,2000-01-18,0,0,0,5000,306,0.000318928
4444585,0000909788,501242101,1999-12-31,2000-01-18,0,0,0,8000,341,0.000355406
4444586,0000909788,46072H108,1999-12-31,2000-01-18,0,0,0,35000,634,0.000660785
4444587,0000909788,235204104,1999-12-31,2000-01-18,0,0,0,6000,387,0.00040335
4444588,0000909788,004833109,1999-12-31,2000-01-18,0,0,0,18000,443,0.000461716
4444589,0000909788,208251405,1999-12-31,2000-01-18,0,0,0,11115,270,0.000281407
4444590,0000909788,02553E106,1999-12-31,2000-01-18,0,0,0,10000,450,0.000469011
4444591,0000909788,269246104,1999-12-31,2000-01-18,0,0,0,44000,1150,0.00119858
4444592,0000909788,914906102,1999-12-31,2000-01-18,0,0,0,32000,3270,0.00340815
4444593,0000909788,92552R109,1999-12-31,2000-01-18,0,0,0,31000,864,0.000900502
4444594,0000909788,989701107,1999-12-31,2000-01-18,0,0,0,23000,1361,0.0014185
4444595,0000909788,549463107,1999-12-31,2000-01-18,0,0,0,94414,6967,0.00726134
4444596,0000909788,156406704,1999-12-31,2000-01-18,0,0,0,5261700,68252,0.0711355
4444597,0000909788,535679104,1999-12-31,2000-01-18,0,0,0,10000,296,0.000308505
4444598,0000909788,363576109,1999-12-31,2000-01-18,0,0,0,5000,324,0.000337688
4444599,0000909788,879433100,1999-12-31,2000-01-18,0,0,0,20000,2520,0.00262646
4444600,0000909788,832110100,1999-12-31,2000-01-18,0,0,0,14000,696,0.000725404
4444601,0000909788,25271C102,1999-12-31,2000-01-18,0,0,0,12000,367,0.000382505
4444602,0000909788,887315109,1999-12-31,2000-01-18,0,0,0,55335,3985,0.00415336
4444603,0000909788,976657106,1999-12-31,2000-01-18,0,0,0,10000,193,0.000201154
4444604,0000909788,428236103,1999-12-31,2000-01-18,0,0,0,21850,2485,0.00258999
4444605,0000909788,091826107,1999-12-31,2000-01-18,0,0,0,4500,302,0.000314759
4444606,0000909788,148867104,1999-12-31,2000-01-18,0,0,0,3000,347,0.00036166
4444607,0000909788,45765U103,1999-12-31,2000-01-18,0,0,0,8000,325,0.00033873
4444608,0000909788,203372107,1999-12-31,2000-01-18,0,0,0,10000,403,0.000420026
4444609,0000909788,478160104,1999-12-31,2000-01-18,0,0,0,42759,3987,0.00415544
4444610,0000909788,099724106,1999-12-31,2000-01-18,0,0,0,7000,284,0.000295998
4444611,0000909788,852061100,1999-12-31,2000-01-18,0,0,0,96696,6509,0.00678399
4444612,0000909788,026874107,1999-12-31,2000-01-18,0,0,0,59290,6391,0.006661
4444613,0000909788,031162100,1999-12-31,2000-01-18,0,0,0,65235,3901,0.00406581
4444614,0000909788,587118100,1999-12-31,2000-01-18,0,0,0,8000,235,0.000244928
4444615,0000909788,74406A102,1999-12-31,2000-01-18,0,0,0,23116,2105,0.00219393
4444616,0000909788,927460105,1999-12-31,2000-01-18,0,0,0,15000,181,0.000188647
4444617,0000909788,199789108,1999-12-31,2000-01-18,0,0,0,20000,468,0.000487772
4444618,0000909788,494368103,1999-12-31,2000-01-18,0,0,0,28371,1857,0.00193545
4444619,0000909788,750236101,1999-12-31,2000-01-18,0,0,0,8000,382,0.000398139
4444620,0000909788,934488107,1999-12-31,2000-01-18,0,0,0,23500,1926,0.00200737
4444621,0000909788,337162101,1999-12-31,2000-01-18,0,0,0,27000,770,0.000802531
4444622,0000909788,249030107,1999-12-31,2000-01-18,0,0,0,20000,473,0.000492983
4444623,0000909788,743674103,1999-12-31,2000-01-18,0,0,0,18000,573,0.000597208
4444624,0000909788,594918104,1999-12-31,2000-01-18,0,0,0,152166,17722,0.0184707
4444625,0000909788,315807206,1999-12-31,2000-01-18,0,0,0,39076,1823,0.00190002
4444626,0000909788,778296103,1999-12-31,2000-01-18,0,0,0,36000,646,0.000673292
4444627,0000909788,872540109,1999-12-31,2000-01-18,0,0,0,20000,409,0.000426279
4444628,0000909788,80218K105,1999-12-31,2000-01-18,0,0,0,55000,440,0.000458589
4444629,0000909788,090597105,1999-12-31,2000-01-18,0,0,0,40000,3380,0.0035228
4444630,0000909788,939640108,1999-12-31,2000-01-18,0,0,0,1532,852,0.000887995
4444631,0000909788,229899109,1999-12-31,2000-01-18,0,0,0,10000,258,0.0002689
4444632,0000909788,880196209,1999-12-31,2000-01-18,0,0,0,229712,2577,0.00268587
4444633,0000909788,75409P202,1999-12-31,2000-01-18,0,0,0,17000,835,0.000870277
4444634,0000909788,239753106,1999-12-31,2000-01-18,0,0,0,16375,1203,0.00125382
4444635,0000909788,126501105,1999-12-31,2000-01-18,0,0,0,4500,339,0.000353322
4444636,0000909788,00130H105,1999-12-31,2000-01-18,0,0,0,10000,748,0.000779601
4444637,0000909788,990007270,1999-12-31,2000-01-18,0,0,0,25000,0,0
4444638,0000909788,29265N108,1999-12-31,2000-01-18,0,0,0,12000,217,0.000226168
4444639,0000909788,25429Q102,1999-12-31,2000-01-18,0,0,0,40000,605,0.00063056
4444640,0000909788,12189T104,1999-12-31,2000-01-18,0,0,0,12425,301,0.000313717
4444641,0000909788,354713109,1999-12-31,2000-01-18,0,0,0,106002,4678,0.00487563
4444642,0000909788,626717102,1999-12-31,2000-01-18,0,0,0,13000,746,0.000777517
4444643,0000909788,548661107,1999-12-31,2000-01-18,0,0,0,21540,1287,0.00134137
4444644,0000909788,461202103,1999-12-31,2000-01-18,0,0,0,28000,1678,0.00174889
4444645,0000909788,053611109,1999-12-31,2000-01-18,0,0,0,10000,729,0.000759798
4444646,0000909788,05548J106,1999-12-31,2000-01-18,0,0,0,15000,548,0.000571152
4444647,0000909788,989207105,1999-12-31,2000-01-18,0,0,0,6000,351,0.000365829
4444648,0000909788,077853109,1999-12-31,2000-01-18,0,0,0,59240,3647,0.00380108
4444649,0000909788,02364J104,1999-12-31,2000-01-18,0,0,0,43400,3293,0.00343212
4444650,0000909788,232820100,1999-12-31,2000-01-18,0,0,0,20000,460,0.000479434
4444651,0000909788,191216100,1999-12-31,2000-01-18,0,0,0,20275,1181,0.00123089
4444652,0000909788,590188108,1999-12-31,2000-01-18,0,0,0,3500,292,0.000304336
4444653,0000909788,122574106,1999-12-31,2000-01-18,0,0,0,10500,379,0.000395012
4444654,0000909788,844895102,1999-12-31,2000-01-18,0,0,0,9000,207,0.000215745
4444655,0000909788,462613100,1999-12-31,2000-01-18,0,0,0,39000,665,0.000693095
4444656,0000909788,91273H101,1999-12-31,2000-01-18,0,0,0,3055,220,0.000229294
4444657,0000909788,922908108,1999-12-31,2000-01-18,0,0,0,3068,415,0.000432533
4444658,0000909788,65473P105,1999-12-31,2000-01-18,0,0,0,32900,588,0.000612842
4444659,0000909788,863667101,1999-12-31,2000-01-18,0,0,0,20000,1393,0.00145185
4444660,0000909788,172967101,1999-12-31,2000-01-18,0,0,0,111633,6197,0.00645881
4444661,0000909788,584404107,1999-12-31,2000-01-18,0,0,0,10400,541,0.000563856
4444662,0000909788,886547108,1999-12-31,2000-01-18,0,0,0,10000,893,0.000930727
4444663,0000909788,278265103,1999-12-31,2000-01-18,0,0,0,10000,380,0.000396054
4444664,0000909788,035229103,1999-12-31,2000-01-18,0,0,0,21875,1550,0.00161548
4444665,0000909788,020039103,1999-12-31,2000-01-18,0,0,0,7192,595,0.000620137
4444666,0000909788,96647R107,1999-12-31,2000-01-18,0,0,0,30000,403,0.000420026
4444667,0000909788,990040370,1999-12-31,2000-01-18,0,0,0,22000,1,0.00000104225
4444668,0000909788,943526103,1999-12-31,2000-01-18,0,0,0,25374,303,0.000315801
4444669,0000909788,125015107,1999-12-31,2000-01-18,0,0,0,8000,498,0.000519039
4444670,0000909788,861642106,1999-12-31,2000-01-18,0,0,0,7000,249,0.00025952
4444671,0000909788,573284106,1999-12-31,2000-01-18,0,0,0,15000,615,0.000640982
4444672,0000909788,990040388,1999-12-31,2000-01-18,0,0,0,20000,4,0.00000416899
4444673,0000909788,227573102,1999-12-31,2000-01-18,0,0,0,10000,91,0.0000948445
4444674,0000909788,053015103,1999-12-31,2000-01-18,0,0,0,6744,363,0.000378336
4444675,0000909788,86074Q102,1999-12-31,2000-01-18,0,0,0,7000,223,0.000232421
4444676,0000909788,373298702,1999-12-31,2000-01-18,0,0,0,25000,616,0.000642024
4444677,0000909788,001547108,1999-12-31,2000-01-18,0,0,0,17000,321,0.000334561
4444678,0000909788,457759108,1999-12-31,2000-01-18,0,0,0,14926,301,0.000313717
4444679,0000909788,126650100,1999-12-31,2000-01-18,0,0,0,20000,798,0.000831713
4444680,0000909788,759509102,1999-12-31,2000-01-18,0,0,0,10500,246,0.000256393
4444681,0000909788,518415104,1999-12-31,2000-01-18,0,0,0,8000,377,0.000392927
4444682,0000909788,742718109,1999-12-31,2000-01-18,0,0,0,62895,6876,0.00716649
4444683,0000909788,29266M109,1999-12-31,2000-01-18,0,0,0,35000,728,0.000758756
4444684,0000909788,966834103,1999-12-31,2000-01-18,0,0,0,8000,429,0.000447124
4444685,0000909788,451107106,1999-12-31,2000-01-18,0,0,0,23400,627,0.000653489
4444686,0000909788,375766102,1999-12-31,2000-01-18,0,0,0,46700,1923,0.00200424
4444687,0000909788,969457100,1999-12-31,2000-01-18,0,0,0,32180,984,0.00102557
4444688,0000909788,59000G100,1999-12-31,2000-01-18,0,0,0,25000,484,0.000504448
4444689,0000909788,905581104,1999-12-31,2000-01-18,0,0,0,12545,837,0.000872361
4444690,0000909788,587405101,1999-12-31,2000-01-18,0,0,0,22000,703,0.0007327
4444691,0000909788,720186105,1999-12-31,2000-01-18,0,0,0,10800,325,0.00033873
4444692,0000909788,651290108,1999-12-31,2000-01-18,0,0,0,10000,268,0.000279322
4444693,0000909788,855244109,1999-12-31,2000-01-18,0,0,0,45000,1091,0.00113709
4444694,0000909788,636518102,1999-12-31,2000-01-18,0,0,0,9424,360,0.000375209
4444695,0000909788,552848103,1999-12-31,2000-01-18,0,0,0,10375,624,0.000650362
4444696,0000909788,897844106,1999-12-31,2000-01-18,0,0,0,7000,313,0.000326223
4444697,0000909788,635519101,1999-12-31,2000-01-18,0,0,0,7000,263,0.000274111
4444698,0000909788,137219200,1999-12-31,2000-01-18,0,0,0,5000,255,0.000265773
4444699,0000909788,485170104,1999-12-31,2000-01-18,0,0,0,26575,1979,0.00206261
4444700,0000909788,629526104,1999-12-31,2000-01-18,0,0,0,23000,725,0.000755629
4444701,0000909788,76026T205,1999-12-31,2000-01-18,0,0,0,30000,698,0.000727489
4444702,0000909788,923436109,1999-12-31,2000-01-18,0,0,0,46500,6655,0.00693616
4444703,0000909788,913903100,1999-12-31,2000-01-18,0,0,0,8000,288,0.000300167
4444704,0000909788,144141108,1999-12-31,2000-01-18,0,0,0,16041,433,0.000451293
4444705,0000909788,842587107,1999-12-31,2000-01-18,0,0,0,44750,1052,0.00109644
4444706,0000909788,156406761,1999-12-31,2000-01-18,0,0,0,3651220,34609,0.0360711
4444707,0000909788,401698105,1999-12-31,2000-01-18,0,0,0,9505,438,0.000456504
4444708,0000909788,806605101,1999-12-31,2000-01-18,0,0,0,52890,2241,0.00233568
4444709,0000909788,452308109,1999-12-31,2000-01-18,0,0,0,12168,811,0.000845263
4444710,0000909788,264399106,1999-12-31,2000-01-18,0,0,0,23395,1153,0.00120171
4444711,0000909788,927914101,1999-12-31,2000-01-18,0,0,0,7027,334,0.000348111
4444712,0000909788,219023108,1999-12-31,2000-01-18,0,0,0,10000,328,0.000341857
4444713,0000909788,554273102,1999-12-31,2000-01-18,0,0,0,5000,205,0.000213661
4444714,0000909788,008190100,1999-12-31,2000-01-18,0,0,0,10000,460,0.000479434
4444715,0000909788,030411102,1999-12-31,2000-01-18,0,0,0,20000,425,0.000442955
4444716,0000909788,102183100,1999-12-31,2000-01-18,0,0,0,12000,652,0.000679545
4444717,0000099782,725701882,1999-12-31,2000-01-24,0,0,0,37500,398,0.0000752316
4444718,0000099782,902494103,1999-12-31,2000-01-24,0,0,0,390000,6338,0.00119804
4444719,0000099782,918005109,1999-12-31,2000-01-24,0,0,0,139650,2714,0.000513012
4444720,0000099782,872375100,1999-12-31,2000-01-24,0,0,0,76400,1418,0.000268036
4444721,0000099782,222372104,1999-12-31,2000-01-24,0,0,0,400700,10118,0.00191255
4444722,0000099782,205363104,1999-12-31,2000-01-24,0,0,0,163600,15481,0.00292628
4444723,0000099782,319439105,1999-12-31,2000-01-24,0,0,0,99900,1486,0.00028089
4444724,0000099782,40426W101,1999-12-31,2000-01-24,0,0,0,108900,980,0.000185244
4444725,0000099782,800907107,1999-12-31,2000-01-24,0,0,0,2700,270,0.0000510365
4444726,0000099782,749685103,1999-12-31,2000-01-24,0,0,0,193400,1970,0.000372378
4444727,0000099782,629579103,1999-12-31,2000-01-24,0,0,0,85300,4739,0.000895786
4444728,0000099782,870738101,1999-12-31,2000-01-24,0,0,0,34300,394,0.0000744755
4444729,0000099782,829060102,1999-12-31,2000-01-24,0,0,0,117400,1321,0.000249701
4444730,0000099782,035290105,1999-12-31,2000-01-24,0,0,0,11100,229,0.0000432865
4444731,0000099782,871607107,1999-12-31,2000-01-24,0,0,0,10700,714,0.000134963
4444732,0000099782,723481107,1999-12-31,2000-01-24,0,0,0,45800,1863,0.000352152
4444733,0000099782,484836101,1999-12-31,2000-01-24,0,0,0,9400,317,0.0000599207
4444734,0000099782,431284108,1999-12-31,2000-01-24,0,0,0,78700,1859,0.000351396
4444735,0000099782,69331C108,1999-12-31,2000-01-24,0,0,0,789741,16190,0.0030603
4444736,0000099782,032095101,1999-12-31,2000-01-24,0,0,0,35300,2350,0.000444207
4444737,0000099782,74460D109,1999-12-31,2000-01-24,0,0,0,371200,8422,0.00159196
4444738,0000099782,440452100,1999-12-31,2000-01-24,0,0,0,5600,228,0.0000430975
4444739,0000099782,599902103,1999-12-31,2000-01-24,0,0,0,2100,256,0.0000483902
4444740,0000099782,423074103,1999-12-31,2000-01-24,0,0,0,203400,8098,0.00153072
4444741,0000099782,947890109,1999-12-31,2000-01-24,0,0,0,152400,3591,0.000678786
4444742,0000099782,824889109,1999-12-31,2000-01-24,0,0,0,32900,331,0.000062567
4444743,0000099782,637640103,1999-12-31,2000-01-24,0,0,0,13100,561,0.000106043
4444744,0000099782,441560109,1999-12-31,2000-01-24,0,0,0,50800,2143,0.000405079
4444745,0000099782,783519101,1999-12-31,2000-01-24,0,0,0,44300,377,0.0000712621
4444746,0000099782,469814107,1999-12-31,2000-01-24,0,0,0,79600,2587,0.000489006
4444747,0000099782,988858106,1999-12-31,2000-01-24,0,0,0,82200,3976,0.00075156
